item_id,b
NodeBB__NodeBB-00c70ce7b0541cfc94afe567921d7668cdc8f4ac,4.262484073638916
NodeBB__NodeBB-04998908ba6721d64eba79ae3b65a351dcfbc5b5,1.0147708654403687
NodeBB__NodeBB-087e6020e490b4a1759f38c1ad03869511928263,4.170735836029053
NodeBB__NodeBB-0c81642997ea1d827dbd02c311db9d4976112cd4,-1.0810025930404663
NodeBB__NodeBB-0e07f3c9bace416cbab078a30eae972868c0a8a3,1.0874766111373901
NodeBB__NodeBB-0f788b8eaa4bba3c142d171fd941d015c53b65fc,1.1051758527755737
NodeBB__NodeBB-18c45b44613aecd53e9f60457b9812049ab2998d,4.308043956756592
NodeBB__NodeBB-1ea9481af6125ffd6da0592ed439aa62af0bca11,-0.07971131056547165
NodeBB__NodeBB-22368b996ee0e5f11a5189b400b33af3cc8d925a,-2.4729621410369873
NodeBB__NodeBB-2657804c1fb6b84dc76ad3b18ecf061aaab5f29f,1.190683126449585
NodeBB__NodeBB-397835a05a8e2897324e566b41c5e616e172b4af,-2.6908211708068848
NodeBB__NodeBB-3c85b944e30a0ba8b3ec9e1f441c74f383625a15,-2.0795764923095703
NodeBB__NodeBB-445b70deda20201b7d9a68f7224da751b3db728c,4.421896457672119
NodeBB__NodeBB-51d8f3b195bddb13a13ddc0de110722774d9bb1b,-0.7685158848762512
NodeBB__NodeBB-6ea3b51f128dd270281db576a1b59270d5e45db0,-2.432112455368042
NodeBB__NodeBB-70b4a0e2aebebe8f2f559de6680093d96a697b2f,-2.7691738605499268
NodeBB__NodeBB-767973717be700f46f06f3e7f4fc550c63509046,-1.224157691001892
NodeBB__NodeBB-76c6e30282906ac664f2c9278fc90999b27b1f48,-2.834667205810547
NodeBB__NodeBB-7b8bffd763e2155cf88f3ebc258fa68ebe18188d,-2.0317251682281494
NodeBB__NodeBB-8168c6c40707478f71b8af60300830fe554c778c,4.2879486083984375
NodeBB__NodeBB-82562bec444940608052f3e4149e0c61ec80bf3f,-2.0834834575653076
NodeBB__NodeBB-8ca65b0c78c67c1653487c02d1135e1b702185e1,-0.7472322583198547
NodeBB__NodeBB-97c8569a798075c50e93e585ac741ab55cb7c28b,-0.09877312183380127
NodeBB__NodeBB-9c576a0758690f45a6ca03b5884c601e473bf2c1,4.3578410148620605
NodeBB__NodeBB-a917210c5b2c20637094545401f85783905c074c,4.3552632331848145
NodeBB__NodeBB-b1f9ad5534bb3a44dab5364f659876a4b7fe34c1,-3.664842367172241
NodeBB__NodeBB-b398321a5eb913666f903a794219833926881a8f,-1.2682950496673584
NodeBB__NodeBB-bd80d36e0dcf78cd4360791a82966078b3a07712,-2.4584922790527344
NodeBB__NodeBB-be43cd25974681c9743d424238b7536c357dc8d3,4.219167709350586
NodeBB__NodeBB-cfc237c2b79d8c731bbfc6cadf977ed530bfd57a,-1.2377101182937622
NodeBB__NodeBB-da0211b1a001d45d73b4c84c6417a4f1b0312575,-1.6536837816238403
NodeBB__NodeBB-eb49a64974ca844bca061744fb3383f5d13b02ad,-0.745415985584259
NodeBB__NodeBB-f1a80d48cc45877fcbadf34c2345dd9709722c7f,4.346951961517334
NodeBB__NodeBB-f2082d7de85eb62a70819f4f3396dd85626a0c0a,4.285039901733398
NodeBB__NodeBB-f48ed3658aab7be0f1165d4c1f89af48d7865189,0.03390723094344139
NodeBB__NodeBB-f9ce92df988db7c1ae55d9ef96d247d27478bc70,-3.243046998977661
ansible__ansible-0fd88717c953b92ed8a50495d55e630eb5d59166,-1.5968698263168335
ansible__ansible-106909db8b730480615f4a33de0eb5b710944e78,-1.5930687189102173
ansible__ansible-11c1777d56664b1acb56b387a1ad6aeadef1391d,4.305974006652832
ansible__ansible-12734fa21c08a0ce8c84e533abdc560db2eb1955,-5.684238910675049
ansible__ansible-164881d871964aa64e0f911d03ae270acbad253c,-2.7795937061309814
ansible__ansible-185d41031660a676c43fbb781cd1335902024bfe,-2.4040143489837646
ansible__ansible-189fcb37f973f0b1d52b555728208eeb9a6fce83,-2.4253625869750977
ansible__ansible-1a4644ff15355fd696ac5b9d074a566a80fe7ca3,-4.0667524337768555
ansible__ansible-1b70260d5aa2f6c9782fd2b848e8d16566e50d85,-0.771491289138794
ansible__ansible-1bd7dcf339dd8b6c50bc16670be2448a206f4fdb,4.1511383056640625
ansible__ansible-1c06c46cc14324df35ac4f39a45fb3ccd602195d,4.201082229614258
ansible__ansible-1ee70fc272aff6bf3415357c6e13c5de5b928d9b,-4.933529853820801
ansible__ansible-29aea9ff3466e4cd2ed00524b9e56738d568ce8b,-1.742961049079895
ansible__ansible-34db57a47f875d11c4068567b9ec7ace174ec4cf,-1.6718885898590088
ansible__ansible-379058e10f3dbc0fdcaf80394bd09b18927e7d33,-3.5387911796569824
ansible__ansible-3889ddeb4b780ab4bac9ca2e75f8c1991bcabe83,4.391363620758057
ansible__ansible-39bd8b99ec8c6624207bf3556ac7f9626dad9173,-0.05111062899231911
ansible__ansible-3db08adbb1cc6aa9941be5e0fc810132c6e1fa4b,-2.371201515197754
ansible__ansible-40ade1f84b8bb10a63576b0ac320c13f57c87d34,4.221179962158203
ansible__ansible-415e08c2970757472314e515cb63a51ad825c45e,-3.661963939666748
ansible__ansible-489156378c8e97374a75a544c7c9c2c0dd8146d1,-2.8018219470977783
ansible__ansible-502270c804c33d3bc963930dc85e0f4ca359674d,-2.140141725540161
ansible__ansible-5260527c4a71bfed99d803e687dd19619423b134,-1.7620760202407837
ansible__ansible-5640093f1ca63fd6af231cc8a7fb7d40e1907b8c,-0.7100743055343628
ansible__ansible-5d253a13807e884b7ce0b6b57a963a45e2f0322c,-2.4823408126831055
ansible__ansible-5e369604e1930b1a2e071fecd7ec5276ebd12cb1,-1.3303673267364502
ansible__ansible-5e88cd9972f10b66dd97e1ee684c910c6a2dd25e,0.052294887602329254
ansible__ansible-5f4e332e3762999d94af27746db29ff1729252c1,-5.8025078773498535
ansible__ansible-622a493ae03bd5e5cf517d336fc426e9d12208c7,-1.1895831823349
ansible__ansible-6cc97447aac5816745278f3735af128afb255c81,1.0408375263214111
ansible__ansible-709484969c8a4ffd74b839a673431a8c5caa6457,-0.13967035710811615
ansible__ansible-77658704217d5f166404fc67997203c25381cb6e,-2.0468151569366455
ansible__ansible-811093f0225caa4dd33890933150a81c6a6d5226,-1.9081617593765259
ansible__ansible-8127abbc298cabf04aaa89a478fc5e5e3432a6fc,1.0266568660736084
ansible__ansible-83909bfa22573777e3db5688773bda59721962ad,4.201503276824951
ansible__ansible-83fb24b923064d3576d473747ebbe62e4535c9e3,4.24009370803833
ansible__ansible-935528e22e5283ee3f63a8772830d3d01f55ed8c,4.249307632446289
ansible__ansible-942424e10b2095a173dbd78e7128f52f7995849b,1.0136501789093018
ansible__ansible-949c503f2ef4b2c5d668af0492a5c0db1ab86140,4.318780422210693
ansible__ansible-9759e0ca494de1fd5fc2df2c5d11c57adbe6007c,-2.3816070556640625
ansible__ansible-9a21e247786ebd294dafafca1105fcd770ff46c6,-0.04251374676823616
ansible__ansible-a02e22e902a69aeb465f16bf03f7f5a91b2cb828,-1.7917832136154175
ansible__ansible-a1569ea4ca6af5480cf0b7b3135f5e12add28a44,1.0347568988800049
ansible__ansible-a20a52701402a12f91396549df04ac55809f68e9,-3.5948166847229004
ansible__ansible-a26c325bd8f6e2822d9d7e62f77a424c1db4fbf6,-2.481487512588501
ansible__ansible-a6e671db25381ed111bbad0ab3e7d97366395d05,-4.869938850402832
ansible__ansible-a7d2a4e03209cff1e97e59fd54bb2b05fdbdbec6,-3.1287026405334473
ansible__ansible-b2a289dcbb702003377221e25f62c8a3608f0e89,-2.80515456199646
ansible__ansible-b5e0293645570f3f404ad1dbbe5f006956ada0df,-0.6513679027557373
ansible__ansible-b6290e1d156af608bd79118d209a64a051c55001,4.338932991027832
ansible__ansible-b748edea457a4576847a10275678127895d2f02f,4.373835563659668
ansible__ansible-be59caa59bf47ca78a4760eb7ff38568372a8260,-2.483696460723877
ansible__ansible-bec27fb4c0a40c5f8bbcf26a475704227d65ee73,4.174020290374756
ansible__ansible-bf98f031f3f5af31a2d78dc2f0a58fe92ebae0bb,1.008962631225586
ansible__ansible-cb94c0cc550df9e98f1247bc71d8c2b861c75049,-2.350102663040161
ansible__ansible-cd473dfb2fdbc97acf3293c134b21cbbcfa89ec3,4.400321006774902
ansible__ansible-d2f80991180337e2be23d6883064a67dcbaeb662,1.0469319820404053
ansible__ansible-d58e69c82d7edd0583dd8e78d76b075c33c3151e,4.2583537101745605
ansible__ansible-d62496fe416623e88b90139dc7917080cb04ce70,-1.167419195175171
ansible__ansible-d9f1866249756efc264b00ff7497e92c11a9885f,-4.181792259216309
ansible__ansible-de01db08d00c8d2438e1ba5989c313ba16a145b0,-2.543583393096924
ansible__ansible-de5858f48dc9e1ce9117034e0d7e76806f420ca8,4.385702133178711
ansible__ansible-deb54e4c5b32a346f1f0b0a14f1c713d2cc2e961,-1.7040973901748657
ansible__ansible-e0c91af45fa9af575d10fd3e724ebc59d2b2d6ac,-4.8242506980896
ansible__ansible-e22e103cdf8edc56ff7d9b848a58f94f1471a263,-2.8701186180114746
ansible__ansible-e40889e7112ae00a21a2c74312b330e67a766cc0,4.390079021453857
ansible__ansible-e9e6001263f51103e96e58ad382660df0f3d0e39,-3.2267370223999023
ansible__ansible-ea04e0048dbb3b63f876aad7020e1de8eee9f362,-2.7517552375793457
ansible__ansible-ecea15c508f0e081525be036cf76bbb56dbcdd9d,4.411084175109863
ansible__ansible-ed6581e4db2f1bec5a772213c3e186081adc162d,-4.095083713531494
ansible__ansible-eea46a0d1b99a6dadedbb6a3502d599235fa7ec3,4.14812707901001
ansible__ansible-f02a62db509dc7463fab642c9c3458b9bc3476cc,4.213641166687012
ansible__ansible-f86c58e2d235d8b96029d102c71ee2dfafd57997,4.301478385925293
ansible__ansible-fb144c44144f8bd3542e71f5db62b6d322c7bd85,-1.6786762475967407
element-hq__element-web-1077729a19c0ce902e713cf6fab42c91fb7907f1,4.409389495849609
element-hq__element-web-1216285ed2e82e62f8780b6702aa0f9abdda0b34,4.331047534942627
element-hq__element-web-18c03daa865d3c5b10e52b669cd50be34c67b2e5,-2.8353800773620605
element-hq__element-web-27139ca68eb075a4438c18fca184887002a4ffbc,-3.6723382472991943
element-hq__element-web-2760bfc8369f1bee640d6d7a7e910783143d4c5f,4.165551662445068
element-hq__element-web-404c412bcb694f04ba0c4d5479541203d701bca0,-0.7176288962364197
element-hq__element-web-41dfec20bfe9b62cddbbbf621bef2e9aa9685157,-0.10067637264728546
element-hq__element-web-494d9de6f0a94ffb491e74744d2735bce02dc0ab,-1.5970044136047363
element-hq__element-web-4c6b0d35add7ae8d58f71ea1711587e31081444b,-1.7000629901885986
element-hq__element-web-4fec436883b601a3cac2d4a58067e597f737b817,4.106332778930664
element-hq__element-web-53a9b6447bd7e6110ee4a63e2ec0322c250f08d1,4.258815765380859
element-hq__element-web-53b42e321777a598aaf2bb3eab22d710569f83a8,-2.260181188583374
element-hq__element-web-56c7fc1948923b4b3f3507799e725ac16bcf8018,4.465639591217041
element-hq__element-web-582a1b093fc0b77538052f45cbb9c7295f991b51,-0.08451700210571289
element-hq__element-web-5dfde12c1c1c0b6e48f17e3405468593e39d9492,4.385736465454102
element-hq__element-web-5e8488c2838ff4268f39db4a8cca7d74eecf5a7e,-1.7625848054885864
element-hq__element-web-66d0b318bc6fee0d17b54c1781d6ab5d5d323135,4.260168075561523
element-hq__element-web-6961c256035bed0b7640a6e5907652c806968478,-2.983328342437744
element-hq__element-web-71fe08ea0f159ccb707904d87f0a4aef205a167c,-0.04815461486577988
element-hq__element-web-75c2c1a572fa45d1ea1d1a96e9e36e303332ecaa,4.132444381713867
element-hq__element-web-776ffa47641c7ec6d142ab4a47691c30ebf83c2e,4.431455135345459
element-hq__element-web-880428ab94c6ea98d3d18dcaeb17e8767adcb461,-0.7827269434928894
element-hq__element-web-8f3c8b35153d2227af45f32e46bd1e15bd60b71f,-0.08808629214763641
element-hq__element-web-923ad4323b2006b2b180544429455ffe7d4a6cc3,-2.8890082836151123
element-hq__element-web-9a31cd0fa849da810b4fac6c6c015145e850b282,1.0592975616455078
element-hq__element-web-9bf77963ee5e036d54b2a3ca202fbf6378464a5e,-1.2078392505645752
element-hq__element-web-a692fe21811f88d92e8f7047fc615e4f1f986b0f,-0.7712422013282776
element-hq__element-web-ad26925bb6628260cfe0fcf90ec0a8cba381f4a4,1.0169481039047241
element-hq__element-web-aec454dd6feeb93000380523cbb0b3681c0275fd,4.320715427398682
element-hq__element-web-b007ea81b2ccd001b00f332bee65070aa7fc00f9,4.320860385894775
element-hq__element-web-b7fea97bb68c6628a644580076f840109132f074,-1.1822583675384521
element-hq__element-web-ca58617cee8aa91c93553449bfdf9b3465a5119b,1.0287432670593262
element-hq__element-web-ca8b1b04effb4fec0e1dd3de8e3198eeb364d50e,-2.8497750759124756
element-hq__element-web-ce554276db97b9969073369fefa4950ca8e54f84,-1.6522239446640015
element-hq__element-web-cf3c899dd1f221aa1a1f4c5a80dffc05b9c21c85,4.367153644561768
element-hq__element-web-d06cf09bf0b3d4a0fbe6bd32e4115caea2083168,-1.1478254795074463
element-hq__element-web-d405160080bbe804f7e9294067d004a7d4dad9d6,-0.11107909679412842
element-hq__element-web-dae13ac8522fc6d41e64d1ac6e3174486fdcce0c,-0.1538439691066742
element-hq__element-web-e15ef9f3de36df7f318c083e485f44e1de8aad17,4.364997863769531
element-hq__element-web-ecfd1736e5dd9808e87911fc264e6c816653e1a9,4.1839375495910645
element-hq__element-web-f0359a5c180b8fec4329c77adcf967c8d3b7b787,-1.731903076171875
element-hq__element-web-f3534b42df3dcfe36dc48bddbf14034085af6d30,-0.7480673789978027
element-hq__element-web-f63160f38459fb552d00fcc60d4064977a9095a6,1.08961021900177
element-hq__element-web-fe14847bb9bb07cab1b9c6c54335ff22ca5e516a,4.3988776206970215
flipt-io__flipt-05d7234fa582df632f70a7cd10194d61bd7043b9,4.455061912536621
flipt-io__flipt-0b119520afca1cf25c470ff4288c464d4510b944,-2.7423219680786133
flipt-io__flipt-1737085488ecdcd3299c8e61af45a8976d457b7e,4.376187801361084
flipt-io__flipt-1dceb5edf3fa8f39495b939ef9cc0c3dd38fa17d,-2.849283218383789
flipt-io__flipt-21a935ad7886cc50c46852be21b37f363a926af0,-1.7178025245666504
flipt-io__flipt-292fdaca9be39e6a921aaa8874c011d0fdd3e874,4.202253818511963
flipt-io__flipt-29d3f9db40c83434d0e3cc082af8baec64c391a9,-2.4192936420440674
flipt-io__flipt-2ca5dfb3513e4e786d2b037075617cccc286d5c3,4.340439796447754
flipt-io__flipt-2ce8a0331e8a8f63f2c1b555db8277ffe5aa2e63,4.323115825653076
flipt-io__flipt-36e62baffae2132f78f9d34dc300a9baa2d7ae0e,4.191059112548828
flipt-io__flipt-381b90f718435c4694380b5fcd0d5cf8e3b5a25a,4.3493523597717285
flipt-io__flipt-3b2c25ee8a3ac247c3fad13ad8d64ace34ec8ee7,-0.07431884109973907
flipt-io__flipt-3d5a345f94c2adc8a0eaa102c189c08ad4c0f8e8,4.386016368865967
flipt-io__flipt-40007b9d97e3862bcef8c20ae6c87b22ea0627f0,4.09848690032959
flipt-io__flipt-406f9396ad65696d58865b3a6283109cd4eaf40e,4.431547164916992
flipt-io__flipt-492cc0b158200089dceede3b1aba0ed28df3fb1d,4.237525463104248
flipt-io__flipt-524f277313606f8cd29b299617d6565c01642e15,4.403769016265869
flipt-io__flipt-56a620b8fc9ef7a0819b47709aa541cdfdbba00b,4.413126468658447
flipt-io__flipt-5aef5a14890aa145c22d864a834694bae3a6f112,-2.086064577102661
flipt-io__flipt-5c7037ececb0bead0a8eb56054e224bcd7ac5922,4.275989532470703
flipt-io__flipt-5ffba3406a7993d97ced4cc13658bee66150fcca,-4.907132625579834
flipt-io__flipt-65581fef4aa807540cb933753d085feb0d7e736f,4.357536792755127
flipt-io__flipt-690672523398c2b6f6e4562f0bf9868664ab894f,4.334624290466309
flipt-io__flipt-6fd0f9e2587f14ac1fdd1c229f0bcae0468c8daa,4.364068031311035
flipt-io__flipt-6fe76d024ee0c50ddb09c86f4ae0bd4c208fd65f,-2.3801968097686768
flipt-io__flipt-72d06db14d58692bfb4d07b1aa745a37b35956f3,-0.12727689743041992
flipt-io__flipt-756f00f79ba8abf9fe53f3c6c818123b42eb7355,4.286848068237305
flipt-io__flipt-84806a178447e766380cc66b14dee9c6eeb534f4,4.154471397399902
flipt-io__flipt-8bd3604dc54b681f1f0f7dd52cbc70b3024184b6,1.0698862075805664
flipt-io__flipt-96820c3ad10b0b2305e8877b6b303f7fafdf815f,4.450174808502197
flipt-io__flipt-9d25c18b79bc7829a6fb08ec9e8793d5d17e2868,4.41270112991333
flipt-io__flipt-9f8127f225a86245fa35dca4885c2daef824ee55,4.375990867614746
flipt-io__flipt-a42d38a1bb1df267c53d9d4a706cf34825ae3da9,4.3440446853637695
flipt-io__flipt-abaa5953795afb9c621605bb18cb32ac48b4508c,-1.1505858898162842
flipt-io__flipt-af7a0be46d15f0b63f16a868d13f3b48a838e7ce,4.253474712371826
flipt-io__flipt-b2170346dc37cf42fda1386cd630f24821ad2ac5,-2.829167366027832
flipt-io__flipt-b22f5f02e40b225b6b93fff472914973422e97c6,-2.035515308380127
flipt-io__flipt-b2393f07d893024ab1e47ea2081e0289e1f9d56f,-1.1161112785339355
flipt-io__flipt-b2cd6a6dd73ca91b519015fd5924fde8d17f3f06,4.3546953201293945
flipt-io__flipt-b3cd920bbb25e01fdb2dab66a5a913363bc62f6c,4.268799304962158
flipt-io__flipt-b433bd05ce405837804693bebd5f4b88d87133c8,1.0943989753723145
flipt-io__flipt-b4bb5e13006a729bc0eed8fe6ea18cff54acdacb,-2.037018299102783
flipt-io__flipt-b68b8960b8a08540d5198d78c665a7eb0bea4008,-0.05827343091368675
flipt-io__flipt-b6cef5cdc0daff3ee99e5974ed60a1dc6b4b0d67,1.0656375885009766
flipt-io__flipt-c12967bc73fdf02054cf3ef8498c05e25f0a18c0,-3.7129745483398438
flipt-io__flipt-c188284ff0c094a4ee281afebebd849555ebee59,4.170751571655273
flipt-io__flipt-c1fd7a81ef9f23e742501bfb26d914eb683262aa,4.373781681060791
flipt-io__flipt-c6a7b1fd933e763b1675281b30077e161fa115a1,4.3374409675598145
flipt-io__flipt-c8d71ad7ea98d97546f01cce4ccb451dbcf37d3b,4.304049491882324
flipt-io__flipt-cd18e54a0371fa222304742c6312e9ac37ea86c1,4.288940906524658
flipt-io__flipt-cd2f3b0a9d4d8b8a6d3d56afab65851ecdc408e8,4.3674187660217285
flipt-io__flipt-cf06f4ebfab7fa21eed3e5838592e8e44566957f,-2.011361598968506
flipt-io__flipt-d966559200183b713cdf3ea5007a7e0ba86a5afb,-2.4932446479797363
flipt-io__flipt-dae029cba7cdb98dfb1a6b416c00d324241e6063,-0.08350222557783127
flipt-io__flipt-db1c3b100e231c62f0c90c2ab037614f20a2a63b,-2.4711265563964844
flipt-io__flipt-dbe263961b187e1c5d7fe34c65b000985a2da5a0,-2.0037901401519775
flipt-io__flipt-e2bd19dafa7166c96b082fb2a59eb54b4be0d778,4.3474202156066895
flipt-io__flipt-e42da21a07a5ae35835ec54f74004ebd58713874,-1.1666522026062012
flipt-io__flipt-e50808c03e4b9d25a6a78af9c61a3b1616ea356b,4.320058822631836
flipt-io__flipt-e594593dae52badf80ffd27878d2275c7f0b20e9,4.437232494354248
flipt-io__flipt-e5fe37c379e1eec2dd3492c5737c0be761050b26,-2.424868106842041
flipt-io__flipt-e88e93990e3ec1e7697754b423decc510d5dd5fe,-1.6331950426101685
flipt-io__flipt-e91615cf07966da41756017a7d571f9fc0fdbe80,4.3580851554870605
flipt-io__flipt-ea9a2663b176da329b3f574da2ce2a664fc5b4a1,4.389775276184082
flipt-io__flipt-ee02b164f6728d3227c42671028c67a4afd36918,4.2858967781066895
flipt-io__flipt-f1bc91a1b999656dbdb2495ccb57bf2105b84920,4.376628875732422
flipt-io__flipt-f36bd61fb1cee4669de1f00e59da462bfeae8765,4.455052852630615
flipt-io__flipt-f743945d599b178293e89e784b3b2374b1026430,-1.2730897665023804
flipt-io__flipt-f808b4dd6e36b9dc8b011eb26b196f4e2cc64c41,4.2847208976745605
future-architect__vuls-01441351c3407abfc21c48a38e28828e1b504e0c,-0.7469568848609924
future-architect__vuls-030b2e03525d68d74cb749959aac2d7f3fc0effa,4.21028995513916
future-architect__vuls-0ec945d0510cdebf92cdd8999f94610772689f14,4.379342079162598
future-architect__vuls-139f3a81b66c47e6d8f70ce6c4afe7a9196a6ea8,-1.1773228645324707
future-architect__vuls-17ae386d1e185ba742eea4668ca77642e22b54c4,-1.7556110620498657
future-architect__vuls-1832b4ee3a20177ad313d806983127cb6e53f5cf,4.478910446166992
future-architect__vuls-2923cbc645fbc7a37d50398eb2ab8febda8c3264,-0.6243050694465637
future-architect__vuls-36456cb151894964ba1683ce7da5c35ada789970,-3.7125730514526367
future-architect__vuls-407407d306e9431d6aa0ab566baa6e44e5ba2904,1.1049296855926514
future-architect__vuls-436341a4a522dc83eb8bddd1164b764c8dd6bc45,-0.749488115310669
future-architect__vuls-457a3a9627fb9a0800d0aecf1d4713fb634a9011,-1.1868109703063965
future-architect__vuls-4a72295de7b91faa59d90a5bee91535bbe76755d,-0.024458345025777817
future-architect__vuls-4b680b996061044e93ef5977a081661665d3360a,-0.055099088698625565
future-architect__vuls-4c04acbd9ea5b073efe999e33381fa9f399d6f27,4.404776096343994
future-architect__vuls-54e73c2f5466ef5daec3fb30922b9ac654e4ed25,-1.0495387315750122
future-architect__vuls-5af1a227339e46c7abf3f2815e4c636a0c01098e,4.278951644897461
future-architect__vuls-61c39637f2f3809e1b5dad05f0c57c799dce1587,4.15854024887085
future-architect__vuls-6682232b5c8a9d08c0e9f15bd90d41bff3875adc,-2.048872470855713
future-architect__vuls-6eff6a9329a65cc412e79b8f82444dfa3d0f0b5a,4.366440773010254
future-architect__vuls-73f0adad95c4d227e2ccfa876c85cc95dd065e13,-2.861626625061035
future-architect__vuls-78b52d6a7f480bd610b692de9bf0c86f57332f23,4.327149868011475
future-architect__vuls-7e91f5ef7e5712b1a3d7d5066ad6607e9debc21c,4.365443229675293
future-architect__vuls-7eb77f5b5127c847481bcf600b4dca2b7a85cf3e,-1.2394167184829712
future-architect__vuls-83bcca6e669ba2e4102f26c4a2b52f78c7861f1a,4.251101493835449
future-architect__vuls-8659668177f1feb65963db7a967347a79c5f9c40,-1.3892494440078735
future-architect__vuls-86b60e1478e44d28b1aff6b9ac7e95ceb05bc5fc,4.321500301361084
future-architect__vuls-878c25bf5a9c9fd88ac32eb843f5636834d5712d,4.251678466796875
future-architect__vuls-8d5ea98e50cf616847f4e5a2df300395d1f719e9,1.0118004083633423
future-architect__vuls-999529a05b202b0fd29c6fca5039a4c47a3766bb,-0.6444637775421143
future-architect__vuls-9a32a94806b54141b7ff12503c48da680ebcf199,-3.1338095664978027
future-architect__vuls-9aa0d87a21bede91c2b45c32187456bb69455e92,-2.172025680541992
future-architect__vuls-a76302c11174ca081f656c63a000ffa746e350af,-1.5165579319000244
future-architect__vuls-aaea15e516ece43978cf98e09e52080478b1d39f,-1.5855196714401245
future-architect__vuls-abd80417728b16c6502067914d27989ee575f0ee,1.0307064056396484
future-architect__vuls-ad2edbb8448e2c41a097f1c0b52696c0f6c5924d,4.313358306884766
future-architect__vuls-b8db2e0b74f60cb7d45f710f255e061f054b6afc,-3.214507579803467
future-architect__vuls-be7b9114cc9545e68fb0ee7bc63d7ec53d1a00ad,-2.821120023727417
future-architect__vuls-bff6b7552370b55ff76d474860eead4ab5de785a,4.3973612785339355
future-architect__vuls-ca3f6b1dbf2cd24d1537bfda43e788443ce03a0c,4.309594631195068
future-architect__vuls-cc63a0eccfdd318e67c0a6edeffc7bf09b6025c0,-2.0585649013519287
future-architect__vuls-d18e7a751d07260d75ce3ba0cd67c4a6aebfd967,4.3440165519714355
future-architect__vuls-dc496468b9e9fb73371f9606cdcdb0f8e12e70ca,-4.205626487731934
future-architect__vuls-e049df50fa1eecdccc5348e27845b5c783ed7c76,-1.6081956624984741
future-architect__vuls-e1fab805afcfc92a2a615371d0ec1e667503c254,4.300011157989502
future-architect__vuls-e3c27e1817d68248043bd09d63cc31f3344a6f2c,1.0692490339279175
future-architect__vuls-e4728e388120b311c4ed469e4f942e0347a2689b,-0.7512735724449158
future-architect__vuls-e52fa8d6ed1d23e36f2a86e5d3efe9aa057a1b0d,-3.106444835662842
future-architect__vuls-e6c0da61324a0c04026ffd1c031436ee2be9503a,4.389786720275879
future-architect__vuls-edb324c3d9ec3b107bf947f00e38af99d05b3e16,-1.266592264175415
future-architect__vuls-ef2be3d6ea4c0a13674aaab08b182eca4e2b9a17,4.3757476806640625
future-architect__vuls-f0b3a8b1db98eb1bd32685f1c36c41a99c3452ed,-1.9540431499481201
future-architect__vuls-f6509a537660ea2bce0e57958db762edd3a36702,-0.010928060859441757
future-architect__vuls-f6cc8c263dc00329786fa516049c60d4779c4a07,-0.7806574106216431
gravitational__teleport-005dcb16bacc6a5d5890c4cd302ccfd4298e275d,4.27163553237915
gravitational__teleport-007235446f85b1cbaef92664c3b3867517250f21,3.8893260955810547
gravitational__teleport-02d1efb8560a1aa1c72cfb1c08edd8b84a9511b4,-0.034322138875722885
gravitational__teleport-0ac7334939981cf85b9591ac295c3816954e287e,4.264253616333008
gravitational__teleport-1316e6728a3ee2fc124e2ea0cc6a02044c87a144,4.221632957458496
gravitational__teleport-1330415d33a27594c948a36d9d7701f496229e9f,4.289290904998779
gravitational__teleport-1a77b7945a022ab86858029d30ac7ad0d5239d00,-0.778755784034729
gravitational__teleport-1b08e7d0dbe68fe530a0f08ad408ec198b7c53fc,-1.1116751432418823
gravitational__teleport-24cafecd8721891092210afc55f6413ab46ca211,-1.1882272958755493
gravitational__teleport-288c5519ce0dec9622361a5e5d6cd36aa2d9e348,-0.7571380138397217
gravitational__teleport-2b15263e49da5625922581569834eec4838a9257,4.208576202392578
gravitational__teleport-2be514d3c33b0ae9188e11ac9975485c853d98bb,-1.6746515035629272
gravitational__teleport-326fd1d7be87b03998dbc53bc706fdef90f5065c,1.003346562385559
gravitational__teleport-32bcd71591c234f0d8b091ec01f1f5cbfdc0f13c,-2.064985513687134
gravitational__teleport-3587cca7840f636489449113969a5066025dd5bf,0.05343638360500336
gravitational__teleport-37c3724d0d6637e959e39408ee351565d73afe71,-2.4736406803131104
gravitational__teleport-3a5c1e26394df2cb4fb3f01147fb9979662972c5,-2.825223684310913
gravitational__teleport-3fa6904377c006497169945428e8197158667910,4.330842971801758
gravitational__teleport-3ff19cf7c41f396ae468797d3aeb61515517edc9,-2.051764726638794
gravitational__teleport-3ff75e29fb2153a2637fe7f83e49dc04b1c99c9f,-1.1172932386398315
gravitational__teleport-46a13210519461c7cec8d643bfbe750265775b41,-0.7941168546676636
gravitational__teleport-46aa81b1ce96ebb4ebed2ae53fd78cd44a05da6c,4.402171611785889
gravitational__teleport-47530e1fd8bfb84ec096ebcbbc29990f30829655,1.0177432298660278
gravitational__teleport-4d0117b50dc8cdb91c94b537a4844776b224cd3d,4.271766662597656
gravitational__teleport-4e1c39639edf1ab494dd7562844c8b277b5cfa18,4.384353160858154
gravitational__teleport-53814a2d600ccd74c1e9810a567563432b98386e,-0.722497284412384
gravitational__teleport-59d39dee5a8a66e5b8a18a9085a199d369b1fba8,-0.01913081854581833
gravitational__teleport-5dca072bb4301f4579a15364fcf37cc0c39f7f6c,4.2953948974609375
gravitational__teleport-645afa051b65d137654fd0d2d878a700152b305a,-1.6293308734893799
gravitational__teleport-65438e6e44b6ce51458d09b7bb028a2797cfb0ea,0.006759318057447672
gravitational__teleport-6eaaf3a27e64f4ef4ef855bd35d7ec338cf17460,4.330124855041504
gravitational__teleport-769b4b5eec7286b7b14e179f2cc52e6b15d2d9f3,4.120758056640625
gravitational__teleport-7744f72c6eb631791434b648ba41083b5f6d2278,4.260618209838867
gravitational__teleport-82185f232ae8974258397e121b3bc2ed0c3729ed,4.2825236320495605
gravitational__teleport-8302d467d160f869b77184e262adbe2fbc95d9ba,4.301194667816162
gravitational__teleport-87a593518b6ce94624f6c28516ce38cc30cbea5a,1.04892098903656
gravitational__teleport-89f0432ad5dc70f1f6a30ec3a8363d548371a718,0.9888201355934143
gravitational__teleport-96019ce0be7a2c8e36363f359eb7c943b41dde70,-0.1230713352560997
gravitational__teleport-a95b3ae0667f9e4b2404bf61f51113e6d83f01cd,1.1090853214263916
gravitational__teleport-ac2fb2f9b4fd1896b554d3011df23d3d71295779,-2.0544044971466064
gravitational__teleport-ad41b3c15414b28a6cec8c25424a19bfa7abd0e9,-1.148802399635315
gravitational__teleport-b4e7cd3a5e246736d3fe8d6886af55030b232277,4.354038238525391
gravitational__teleport-b5d8169fc0a5e43fee2616c905c6d32164654dc6,4.3684892654418945
gravitational__teleport-b8fbb2d1e90ffcde88ed5fe9920015c1be075788,4.281342506408691
gravitational__teleport-ba6c4a135412c4296dd5551bd94042f0dc024504,4.156661033630371
gravitational__teleport-baeb2697c4e4870c9850ff0cd5c7a2d08e1401c9,1.092409372329712
gravitational__teleport-bb562408da4adeae16e025be65e170959d1ec492,4.272295951843262
gravitational__teleport-bb69574e02bd62e5ccd3cebb25e1c992641afb2a,-0.13188540935516357
gravitational__teleport-c1b1c6a1541c478d7777a48fca993cc8206c73b9,-0.7722195982933044
gravitational__teleport-c335534e02de143508ebebc7341021d7f8656e8f,1.1858394145965576
gravitational__teleport-c782838c3a174fdff80cafd8cd3b1aa4dae8beb2,4.421810626983643
gravitational__teleport-d6ffe82aaf2af1057b69c61bf9df777f5ab5635a,4.377630233764648
gravitational__teleport-d873ea4fa67d3132eccba39213c1ca2f52064dcc,4.34365177154541
gravitational__teleport-db89206db6c2969266e664c7c0fb51b70e958b64,4.345975399017334
gravitational__teleport-dd3977957a67bedaf604ad6ca255ba8c7b6704e9,4.339323043823242
gravitational__teleport-e6681abe6a7113cfd2da507f05581b7bdf398540,4.374170780181885
gravitational__teleport-e6895d8934f6e484341034869901145fbc025e72,-2.745098114013672
gravitational__teleport-e6d86299a855687b21970504fbf06f52a8f80c74,-1.3016966581344604
gravitational__teleport-eda668c30d9d3b56d9c69197b120b01013611186,4.33721923828125
gravitational__teleport-f432a71a13e698b6e1c4672a2e9e9c1f32d35c12,4.256220817565918
gravitational__teleport-fb0ab2b9b771377a689fd0d0374777c251e58bbf,4.2201762199401855
gravitational__teleport-fd2959260ef56463ad8afa4c973f47a50306edd4,4.325564384460449
internetarchive__openlibrary-00bec1e7c8f3272c469a58e1377df03f955ed478,-5.699477195739746
internetarchive__openlibrary-03095f2680f7516fca35a58e665bf2a41f006273,1.132019281387329
internetarchive__openlibrary-08ac40d050a64e1d2646ece4959af0c42bf6b7b5,1.1206825971603394
internetarchive__openlibrary-0a90f9f0256e4f933523e9842799e39f95ae29ce,4.349637985229492
internetarchive__openlibrary-0d13e6b4bf80bced6c0946b969b9a1b6963f6bce,-4.209389686584473
internetarchive__openlibrary-0dc5b20fa186f9714f8a838178597e69f549d026,-0.0744212195277214
internetarchive__openlibrary-111347e9583372e8ef91c82e0612ea437ae3a9c9,1.2135790586471558
internetarchive__openlibrary-11838fad1028672eb975c79d8984f03348500173,4.396461009979248
internetarchive__openlibrary-123e6e5e1c85b9c07d1e98f70bfc480bc8016890,-2.497896909713745
internetarchive__openlibrary-1351c59fd43689753de1fca32c78d539a116ffc1,-2.7959506511688232
internetarchive__openlibrary-1be7de788a444f6255e89c10ef6aa608550604a8,-1.6310566663742065
internetarchive__openlibrary-25858f9f0c165df25742acf8309ce909773f0cdd,-1.5966594219207764
internetarchive__openlibrary-2abe28b472ffed563a87cfe83685b161b35263b0,-3.64694881439209
internetarchive__openlibrary-308a35d6999427c02b1dbf5211c033ad3b352556,-0.6538763642311096
internetarchive__openlibrary-30bc73a1395fba2300087c7f307e54bb5372b60a,4.350497245788574
internetarchive__openlibrary-322d7a46cdc965bfabbf9500e98fde098c9d95b2,4.251633167266846
internetarchive__openlibrary-3aeec6afed9198d734b7ee1293f03ca94ff970e1,-2.727881908416748
internetarchive__openlibrary-3f580a5f244c299d936d73d9e327ba873b6401d9,-4.623666286468506
internetarchive__openlibrary-427f1f4eddfc54735ca451779d4f95bf683d1b0e,-2.0316362380981445
internetarchive__openlibrary-431442c92887a3aece3f8aa771dd029738a80eb1,-2.3645079135894775
internetarchive__openlibrary-43f9e7e0d56a4f1d487533543c17040a029ac501,-2.0883281230926514
internetarchive__openlibrary-4a5d2a7d24c9e4c11d3069220c0685b736d5ecde,-4.7035932540893555
internetarchive__openlibrary-53e02a22972e9253aeded0e1981e6845e1e521fe,-0.09868369996547699
internetarchive__openlibrary-58999808a17a26b387f8237860a7a524d1e2d262,-1.6572561264038086
internetarchive__openlibrary-5c6c22f3d2edf2f1b10f5dc335e32cb6a5f40341,-1.2431797981262207
internetarchive__openlibrary-5de7de19211e71b29b2f2ba3b1dff2fe065d660f,4.200774192810059
internetarchive__openlibrary-5fb312632097be7e9ac6ab657964af115224d15d,4.2197136878967285
internetarchive__openlibrary-60725705782832a2cb22e17c49697948a42a9d03,-2.4302144050598145
internetarchive__openlibrary-62d2243131a9c7e6aee00d1e9c5660fd5b594e89,-3.3098387718200684
internetarchive__openlibrary-6a117fab6c963b74dc1ba907d838e74f76d34a4b,-0.7392820119857788
internetarchive__openlibrary-6afdb09df692223c3a31df65cfa92f15e5614c01,-3.1267054080963135
internetarchive__openlibrary-6e889f4a733c9f8ce9a9bd2ec6a934413adcedb9,1.099589228630066
internetarchive__openlibrary-6fdbbeee4c0a7e976ff3e46fb1d36f4eb110c428,-0.06440728157758713
internetarchive__openlibrary-72321288ea790a3ace9e36f1c05b68c93f7eec43,-2.8310647010803223
internetarchive__openlibrary-757fcf46c70530739c150c57b37d6375f155dc97,-1.630778193473816
internetarchive__openlibrary-77c16d530b4d5c0f33d68bead2c6b329aee9b996,4.249251365661621
internetarchive__openlibrary-798055d1a19b8fa0983153b709f460be97e33064,-0.6922578811645508
internetarchive__openlibrary-7bf3238533070f2d24bafbb26eedf675d51941f6,-3.27347469329834
internetarchive__openlibrary-7c8dc180281491ccaa1b4b43518506323750d1e4,1.018714189529419
internetarchive__openlibrary-7cbfb812ef0e1f9716e2d6e85d538a96fcb79d13,-3.648563861846924
internetarchive__openlibrary-7edd1ef09d91fe0b435707633c5cc9af41dedddf,4.05635404586792
internetarchive__openlibrary-7f7e53aa4cf74a4f8549a5bcd4810c527e2f6d7e,-2.0393824577331543
internetarchive__openlibrary-89e4b4431fe7506c365a6f6eb6f6d048d04c044c,-0.7868797779083252
internetarchive__openlibrary-8a5a63af6e0be406aa6c8c9b6d5f28b2f1b6af5a,-2.7724199295043945
internetarchive__openlibrary-8a9d9d323dfcf2a5b4f38d70b1108b030b20ebf3,4.311985969543457
internetarchive__openlibrary-91efee627df01e32007abf2d6ebf73f9d9053076,-1.9953391551971436
internetarchive__openlibrary-92db3454aeaa02f89b4cdbc3103f7e95c9759f92,-3.5325634479522705
internetarchive__openlibrary-9bdfd29fac883e77dcbc4208cab28c06fd963ab2,4.419198513031006
internetarchive__openlibrary-9c392b60e2c6fa1d68cb68084b4b4ff04d0cb35c,-2.329529285430908
internetarchive__openlibrary-9cd47f4dc21e273320d9e30d889c864f8cb20ccf,4.387436389923096
internetarchive__openlibrary-a48fd6ba9482c527602bc081491d9e8ae6e8226c,1.1141295433044434
internetarchive__openlibrary-a7b7dc5735a1b3a9824376b1b469b556dd413981,-3.579119920730591
internetarchive__openlibrary-acdddc590d0b3688f8f6386f43709049622a6e19,-0.737866997718811
internetarchive__openlibrary-b112069e31e0553b2d374abb5f9c5e05e8f3dbbe,-4.161958694458008
internetarchive__openlibrary-b4f7c185ae5f1824ac7f3a18e8adf6a4b468459c,-3.1930317878723145
internetarchive__openlibrary-b67138b316b1e9c11df8a4a8391fe5cc8e75ff9f,4.407190322875977
internetarchive__openlibrary-ba3abfb6af6e722185d3715929ab0f3e5a134eed,-2.941746473312378
internetarchive__openlibrary-bb152d23c004f3d68986877143bb0f83531fe401,4.2524261474609375
internetarchive__openlibrary-bdba0af0f6cbaca8b5fc3be2a3080f38156d9c92,-2.8734521865844727
internetarchive__openlibrary-c05ccf2cd8baa81609434e0e35c4a63bc0da5a25,-1.2011985778808594
internetarchive__openlibrary-c12943be1db80cf1114bc267ddf4f9933aca9b28,-2.7973623275756836
internetarchive__openlibrary-c4eebe6677acc4629cb541a98d5e91311444f5d4,-2.810213565826416
internetarchive__openlibrary-c506c1b0b678892af5cb22c1c1dbc35d96787a0a,-3.1505939960479736
internetarchive__openlibrary-c8996ecc40803b9155935fd7ff3b8e7be6c1437c,4.343261241912842
internetarchive__openlibrary-d109cc7e6e161170391f98f9a6fa1d02534c18e4,-0.6418173909187317
internetarchive__openlibrary-d40ec88713dc95ea791b252f92d2f7b75e107440,4.3736572265625
internetarchive__openlibrary-d8162c226a9d576f094dc1830c4c1ffd0be2dd17,-2.780397653579712
internetarchive__openlibrary-dbbd9d539c6d4fd45d5be9662aa19b6d664b5137,4.441712856292725
internetarchive__openlibrary-de6ae10512f1b5ef585c8341b451bc49c9fd4996,-5.766220569610596
internetarchive__openlibrary-e010b2a13697de70170033902ba2e27a1e1acbe9,-4.15507173538208
internetarchive__openlibrary-e1e502986a3b003899a8347ac8a7ff7b08cbfc39,4.218142509460449
internetarchive__openlibrary-e390c1212055dd84a262a798e53487e771d3fb64,-2.4313836097717285
internetarchive__openlibrary-e8084193a895d8ee81200f49093389a3887479ce,-1.6521772146224976
internetarchive__openlibrary-f0341c0ba81c790241b782f5103ce5c9a6edf8e3,-1.746535062789917
internetarchive__openlibrary-f343c08f89c772f7ba6c0246f384b9e6c3dc0add,1.0463913679122925
internetarchive__openlibrary-f3b26c2c0721f8713353fe4b341230332e30008d,-2.0818231105804443
internetarchive__openlibrary-f8cc11d9c1575fdba5ac66aee0befca970da8d64,4.306777477264404
navidrome__navidrome-0130c6dc13438b48cf0fdfab08a89e357b5517c9,1.03711998462677
navidrome__navidrome-0488fb92cb02a82924fb1181bf1642f2e87096db,4.396324634552002
navidrome__navidrome-09ae41a2da66264c60ef307882362d2e2d8d8b89,-2.04032301902771
navidrome__navidrome-0a650de357babdcc8ce910fe37fee84acf4ed2fe,-1.7119308710098267
navidrome__navidrome-10108c63c9b5bdf2966ffb3239bbfd89683e37b7,-0.7557953596115112
navidrome__navidrome-1e96b858a91c640fe64e84c5e5ad8cc0954ea38d,-0.5907740592956543
navidrome__navidrome-23bebe4e06124becf1000e88472ae71a6ca7de4c,-0.8003051280975342
navidrome__navidrome-27875ba2dd1673ddf8affca526b0664c12c3b98b,4.26277494430542
navidrome__navidrome-29b7b740ce469201af0a0510f3024adc93ef4c8e,-5.879524230957031
navidrome__navidrome-31799662706fedddf5bcc1a76b50409d1f91d327,-1.7419100999832153
navidrome__navidrome-3853c3318f67b41a9e4cb768618315ff77846fdb,4.180593967437744
navidrome__navidrome-3977ef6e0f287f598b6e4009876239d6f13b686d,-3.153836488723755
navidrome__navidrome-3982ba725883e71d4e3e618c61d5140eeb8d850a,4.214480400085449
navidrome__navidrome-3f2d24695e9382125dfe5e6d6c8bbeb4a313a4f9,-1.633129358291626
navidrome__navidrome-5001518260732e36d9a42fb8d4c054b28afab310,-0.7654896378517151
navidrome__navidrome-55730514ea59d5f1d0b8e3f8745569c29bdbf7b4,4.353835582733154
navidrome__navidrome-55bff343cdaad1f04496f724eda4b55d422d7f17,4.40974760055542
navidrome__navidrome-56303cde23a4122d2447cbb266f942601a78d7e4,-0.7821152806282043
navidrome__navidrome-5e549255201e622c911621a7b770477b1f5a89be,-0.17587155103683472
navidrome__navidrome-669c8f4c49a7ef51ac9a53c725097943f67219eb,-3.6178293228149414
navidrome__navidrome-69e0a266f48bae24a11312e9efbe495a337e4c84,4.4464640617370605
navidrome__navidrome-6bd4c0f6bfa653e9b8b27cfdc2955762d371d6e9,1.0722178220748901
navidrome__navidrome-6c6223f2f9db2c8c253e0d40a192e3519c9037d1,0.02455493062734604
navidrome__navidrome-874b17b8f614056df0ef021b5d4f977341084185,4.360445499420166
navidrome__navidrome-87d4db7638b37eeb754b217440ab7a372f669205,0.9941525459289551
navidrome__navidrome-89b12b34bea5687c70e4de2109fd1e7330bb2ba2,4.322871685028076
navidrome__navidrome-97434c1789a6444b30aae5ff5aa124a96a88f504,4.330623149871826
navidrome__navidrome-9c3b4561652a15846993d477003e111f0df0c585,4.406935691833496
navidrome__navidrome-b3980532237e57ab15b2b93c49d5cd5b2d050013,4.3831095695495605
navidrome__navidrome-b65e76293a917ee2dfc5d4b373b1c62e054d0dca,4.288069248199463
navidrome__navidrome-bf2bcb12799b21069f137749e0c331f761d1f693,-2.7640841007232666
navidrome__navidrome-d0dceae0943b8df16e579c2d9437e11760a0626a,4.370934963226318
navidrome__navidrome-d21932bd1b2379b0ebca2d19e5d8bae91040268a,4.3588032722473145
navidrome__navidrome-d5df102f9f97c21715c756069c9e141da2a422dc,1.137688398361206
navidrome__navidrome-d613b1930688422122796b43acb3caf2538c8fd1,-4.745515823364258
navidrome__navidrome-d8e794317f788198227e10fb667e10496b3eb99a,4.380325794219971
navidrome__navidrome-dfa453cc4ab772928686838dc73d0130740f054e,4.302999496459961
navidrome__navidrome-e12a14a87d392ac70ee4cc8079e3c3e0103dbcb2,1.0877217054367065
navidrome__navidrome-eebfbc5381a1e506ff17b5f1371d1ad83d5fd642,4.378528118133545
navidrome__navidrome-f7d4fcdcc1a59d1b4f835519efb402897757e371,-2.737914800643921
navidrome__navidrome-fa85e2a7816a6fe3829a4c0d8e893e982b0985da,4.2488627433776855
protonmail__webclients-01b519cd49e6a24d9a05d2eb97f54e420740072e,-2.31301212310791
protonmail__webclients-01ea5214d11e0df8b7170d91bafd34f23cb0f2b1,4.155636787414551
protonmail__webclients-08bb09914d0d37b0cd6376d4cab5b77728a43e7b,4.212581157684326
protonmail__webclients-09fcf0dbdb87fa4f4a27700800ee4a3caed8b413,4.357210636138916
protonmail__webclients-0d0267c4438cf378bda90bc85eed3a3615871ac4,-2.4566335678100586
protonmail__webclients-0ec14e36ceb01ba45602a563e12352af8171ed39,4.322423458099365
protonmail__webclients-1501eb765873b2884b6f1944fd242ecfc9d6b103,-3.178293228149414
protonmail__webclients-1917e37f5d9941a3459ce4b0177e201e2d94a622,4.376255512237549
protonmail__webclients-281a6b3f190f323ec2c0630999354fafb84b2880,4.430652618408203
protonmail__webclients-2c3559cad02d1090985dba7e8eb5a129144d9811,-2.0835604667663574
protonmail__webclients-2dce79ea4451ad88d6bfe94da22e7f2f988efa60,4.3808274269104
protonmail__webclients-2f2f6c311c6128fe86976950d3c0c2db07b03921,4.418670654296875
protonmail__webclients-2f66db85455f4b22a47ffd853738f679b439593c,4.334665298461914
protonmail__webclients-32ff10999a06455cb2147f6873d627456924ae13,-2.7231109142303467
protonmail__webclients-369fd37de29c14c690cb3b1c09a949189734026f,4.31355619430542
protonmail__webclients-3a6790f480309130b5d6332dce6c9d5ccca13ee3,-3.2282516956329346
protonmail__webclients-3f22e2172cbdfd7b9abb2b1d8fd80c16d38b4bbe,-2.31406569480896
protonmail__webclients-4feccbc9990980aee26ea29035f8f931d6089895,-2.14685320854187
protonmail__webclients-51742625834d3bd0d10fe0c7e76b8739a59c6b9f,0.03207319974899292
protonmail__webclients-5d2576632037d655c3b6a28e98cd157f7e9a5ce1,-2.328704833984375
protonmail__webclients-5e815cfa518b223a088fa9bb232a5fc90ab15691,-0.11643543094396591
protonmail__webclients-5f0745dd6993bb1430a951c62a49807c6635cd77,4.319577693939209
protonmail__webclients-6dcf0d0b0f7965ad94be3f84971afeb437f25b02,-2.1091928482055664
protonmail__webclients-6e165e106d258a442ae849cdf08260329cb92d39,4.091475009918213
protonmail__webclients-6e1873b06df6529a469599aa1d69d3b18f7d9d37,4.494804859161377
protonmail__webclients-6f8916fbadf1d1f4a26640f53b5cf7f55e8bedb7,-3.1868817806243896
protonmail__webclients-708ed4a299711f0fa79a907cc5847cfd39c0fc71,-3.6456139087677
protonmail__webclients-715dbd4e6999499cd2a576a532d8214f75189116,4.457050323486328
protonmail__webclients-7b833df125859e5eb98a826e5b83efe0f93a347b,-1.997501015663147
protonmail__webclients-7e54526774e577c0ebb58ced7ba8bef349a69fec,-2.0450968742370605
protonmail__webclients-8142704f447df6e108d53cab25451c8a94976b92,-0.7690044641494751
protonmail__webclients-815695401137dac2975400fc610149a16db8214b,-3.578320264816284
protonmail__webclients-863d524b5717b9d33ce08a0f0535e3fd8e8d1ed8,4.23691987991333
protonmail__webclients-a6e6f617026794e7b505d649d2a7a9cdf17658c8,4.423696041107178
protonmail__webclients-ac23d1efa1a6ab7e62724779317ba44c28d78cfd,-1.2734105587005615
protonmail__webclients-ae36cb23a1682dcfd69587c1b311ae0227e28f39,4.27948522567749
protonmail__webclients-b387b24147e4b5ec3b482b8719ea72bee001462a,-0.022772379219532013
protonmail__webclients-b9387af4cdf79c2cb2a221dea33d665ef789512e,1.1148290634155273
protonmail__webclients-bf2e89c0c488ae1a87d503e5b09fe9dd2f2a635f,-2.9348316192626953
protonmail__webclients-c5a2089ca2bfe9aa1d85a664b8ad87ef843a1c9c,1.148973822593689
protonmail__webclients-cba6ebbd0707caa524ffee51c62b197f6122c902,1.1207513809204102
protonmail__webclients-cfd7571485186049c10c822f214d474f1edde8d1,4.409369945526123
protonmail__webclients-d494a66038112b239a381f49b3914caf8d2ef3b4,-1.1747878789901733
protonmail__webclients-da91f084c0f532d9cc8ca385a701274d598057b8,1.131824016571045
protonmail__webclients-df60460f163fd5c34e844ab9015e3176f1ab1ac0,-1.999912977218628
protonmail__webclients-e7f3f20c8ad86089967498632ace73c1157a9d51,4.3314008712768555
protonmail__webclients-e9677f6c46d5ea7d277a4532a4bf90074f125f31,-1.637186050415039
protonmail__webclients-f080ffc38e2ad7bddf2e93e5193e82c20c7a11e7,1.1082324981689453
protonmail__webclients-f161c10cf7d31abf82e8d64d7a99c9fac5acfa18,-3.1492035388946533
protonmail__webclients-fc9d535e9beb3ae30a52a7146398cadfd6e30606,-1.5920536518096924
qutebrowser__qutebrowser-01d1d1494411380d97cac14614a829d3a69cecaf,-2.1248648166656494
qutebrowser__qutebrowser-0833b5f6f140d04200ec91605f88704dd18e2970,-3.250169277191162
qutebrowser__qutebrowser-0aa57e4f7243024fa4bba8853306691b5dbd77b3,-0.7537152767181396
qutebrowser__qutebrowser-0d2afd58f3d0e34af21cee7d8a3fc9d855594e9f,-3.0817947387695312
qutebrowser__qutebrowser-0fc6d1109d041c69a68a896db87cf1b8c194cef7,-1.5217012166976929
qutebrowser__qutebrowser-16de05407111ddd82fa12e54389d532362489da9,4.381836414337158
qutebrowser__qutebrowser-1a9e74bfaf9a9db2a510dc14572d33ded6040a57,-2.9000866413116455
qutebrowser__qutebrowser-1af602b258b97aaba69d2585ed499d95e2303ac2,-4.233275890350342
qutebrowser__qutebrowser-21b426b6a20ec1cc5ecad770730641750699757b,4.444361686706543
qutebrowser__qutebrowser-233cb1cc48635130e5602549856a6fa4ab4c087f,-0.623357892036438
qutebrowser__qutebrowser-2dd8966fdcf11972062c540b7a787e4d0de8d372,-2.361457586288452
qutebrowser__qutebrowser-2e961080a85d660148937ee8f0f6b3445a8f2c01,-2.069474935531616
qutebrowser__qutebrowser-305e7c96d5e2fdb3b248b27dfb21042fb2b7e0b8,4.3918609619140625
qutebrowser__qutebrowser-34a13afd36b5e529d553892b1cd8b9d5ce8881c4,-5.856991291046143
qutebrowser__qutebrowser-35168ade46184d7e5b91dfa04ca42fe2abd82717,-1.6243726015090942
qutebrowser__qutebrowser-36ade4bba504eb96f05d32ceab9972df7eb17bcc,4.168018341064453
qutebrowser__qutebrowser-394bfaed6544c952c6b3463751abab3176ad4997,4.394774913787842
qutebrowser__qutebrowser-3d01c201b8aa54dd71d4f801b1dd12feb4c0a08a,-2.3784823417663574
qutebrowser__qutebrowser-3e21c8214a998cb1058defd15aabb24617a76402,4.278295516967773
qutebrowser__qutebrowser-44e64199ed38003253f0296badd4a447645067b6,-4.139746189117432
qutebrowser__qutebrowser-46e6839e21d9ff72abb6c5d49d5abaa5a8da8a81,-3.1925294399261475
qutebrowser__qutebrowser-473a15f7908f2bb6d670b0e908ab34a28d8cf7e2,4.220594882965088
qutebrowser__qutebrowser-479aa075ac79dc975e2e949e188a328e95bf78ff,-2.131093740463257
qutebrowser__qutebrowser-52708364b5f91e198defb022d1a5b4b3ebd9b563,-1.9325790405273438
qutebrowser__qutebrowser-54bcdc1eefa86cc20790973d6997b60c3bba884c,-4.861413955688477
qutebrowser__qutebrowser-5cef49ff3074f9eab1da6937a141a39a20828502,-2.1035268306732178
qutebrowser__qutebrowser-5e0d6dc1483cb3336ea0e3dcbd4fe4aa00fc1742,-3.2260735034942627
qutebrowser__qutebrowser-5fdc83e5da6222fe61163395baaad7ae57fa2cb4,-3.2196335792541504
qutebrowser__qutebrowser-66cfa15c372fa9e613ea5a82d3b03e4609399fb6,-1.6737980842590332
qutebrowser__qutebrowser-6b320dc18662580e1313d2548fdd6231d2a97e6d,-2.2246499061584473
qutebrowser__qutebrowser-6dd402c0d0f7665d32a74c43c5b4cf5dc8aff28d,-1.604509711265564
qutebrowser__qutebrowser-77c3557995704a683cdb67e2a3055f7547fa22c3,1.0901731252670288
qutebrowser__qutebrowser-7b603dd6bf195e3e723ce08ff64a82b406e3f6b6,-3.574662685394287
qutebrowser__qutebrowser-7f9713b20f623fc40473b7167a082d6db0f0fd40,1.1168229579925537
qutebrowser__qutebrowser-8cd06741bb56cdca49f5cdc0542da97681154315,-1.1086459159851074
qutebrowser__qutebrowser-8d05f0282a271bfd45e614238bd1b555c58b3fc1,-2.8047518730163574
qutebrowser__qutebrowser-8f46ba3f6dc7b18375f7aa63c48a1fe461190430,-5.943576812744141
qutebrowser__qutebrowser-96b997802e942937e81d2b8a32d08f00d3f4bc4e,-4.771998882293701
qutebrowser__qutebrowser-996487c43e4fcc265b541f9eca1e7930e3c5cf05,-4.132261276245117
qutebrowser__qutebrowser-9ed748effa8f3bcd804612d9291da017b514e12f,-0.11469444632530212
qutebrowser__qutebrowser-a25e8a09873838ca9efefd36ea8a45170bbeb95c,1.1689844131469727
qutebrowser__qutebrowser-bedc9f7fadf93f83d8dee95feeecb9922b6f063f,-3.5480775833129883
qutebrowser__qutebrowser-bf045f7ec7c27709ea3ef61cf41a24e8fdd2e7da,-2.8199799060821533
qutebrowser__qutebrowser-c09e1439f145c66ee3af574386e277dd2388d094,-2.3934571743011475
qutebrowser__qutebrowser-c0be28ebee3e1837aaf3f30ec534ccd6d038f129,-0.7005099654197693
qutebrowser__qutebrowser-c580ebf0801e5a3ecabc54f327498bb753c6d5f2,-3.1309680938720703
qutebrowser__qutebrowser-cf06f4e3708f886032d4d2a30108c2fddb042d81,-2.0922908782958984
qutebrowser__qutebrowser-deeb15d6f009b3ca0c3bd503a7cef07462bd16b4,1.1720513105392456
qutebrowser__qutebrowser-e15d26630934d0b6415ed2295ac42fd570a57620,-1.6677521467208862
qutebrowser__qutebrowser-e34dfc68647d087ca3175d9ad3f023c30d8c9746,1.1107089519500732
qutebrowser__qutebrowser-e5340c449f23608803c286da0563b62f58ba25b0,-2.790994882583618
qutebrowser__qutebrowser-e57b6e0eeeb656eb2c84d6547d5a0a7333ecee85,-4.875847339630127
qutebrowser__qutebrowser-e64622cd2df5b521342cf4a62e0d4cb8f8c9ae5a,-7.949784278869629
qutebrowser__qutebrowser-e70f5b03187bdd40e8bf70f5f3ead840f52d1f42,-2.1126155853271484
qutebrowser__qutebrowser-ebfe9b7aa0c4ba9d451f993e08955004aaec4345,-3.184643268585205
qutebrowser__qutebrowser-ec2dcfce9eee9f808efc17a1b99e227fc4421dea,-0.0017429647268727422
qutebrowser__qutebrowser-f631cd4422744160d9dcf7a0455da532ce973315,4.235777854919434
qutebrowser__qutebrowser-f7753550f2c1dcb2348e4779fd5287166754827e,-2.7628350257873535
qutebrowser__qutebrowser-f8e7fea0becae25ae20606f1422068137189fe9e,-1.120664358139038
qutebrowser__qutebrowser-f91ace96223cac8161c16dd061907e138fe85111,-5.714487075805664
qutebrowser__qutebrowser-fcfa069a06ade76d91bac38127f3235c13d78eb1,4.258965969085693
qutebrowser__qutebrowser-fd6790fe8c02b144ab2464f1fc8ab3d02ce3c476,-2.7686257362365723
qutebrowser__qutebrowser-fea33d607fde83cf505b228238cf365936437a63,-3.1963932514190674
qutebrowser__qutebrowser-fec187c2cb53d769c2682b35ca77858a811414a8,-0.12076147645711899
qutebrowser__qutebrowser-ff1c025ad3210506fc76e1f604d8c8c27637d88e,4.232347011566162
tutao__tutanota-12a6cbaa4f8b43c2f85caca0787ab55501539955,-0.6773284673690796
tutao__tutanota-1ff82aa365763cee2d609c9d19360ad87fdf2ec7,1.0630673170089722
tutao__tutanota-219bc8f05d7b980e038bc1524cb021bf56397a1b,-2.4732120037078857
tutao__tutanota-40e94dee2bcec2b63f362da283123e9df1874cc1,-1.1904855966567993
tutao__tutanota-8513a9e8114a8b42e64f4348335e0f23efa054c4,4.4079084396362305
tutao__tutanota-b4934a0f3c34d9d7649e944b183137e8fad3e859,-2.8506100177764893
tutao__tutanota-befce4b146002b9abc86aa95f4d57581771815ce,-3.1448991298675537
tutao__tutanota-da4edb7375c10f47f4ed3860a591c5e6557f7b5c,-0.06249980255961418
tutao__tutanota-db90ac26ab78addf72a8efaff3c7acc0fbd6d000,4.312221527099609
tutao__tutanota-f3ffe17af6e8ab007e8d461355057ad237846d9d,1.0779876708984375
tutao__tutanota-fb32e5f9d9fc152a00144d56dd0af01760a2d4dc,4.289814472198486
tutao__tutanota-fbdb72a2bd39b05131ff905780d9d4a2a074de26,-1.7781562805175781
tutao__tutanota-fe240cbf7f0fdd6744ef7bef8cb61676bcdbb621,-1.2210004329681396
