,b1,b2,b1_std,b2_std,b_sum
NodeBB__NodeBB-04998908ba6721d64eba79ae3b65a351dcfbc5b5,-0.018607914,2.2270215,0.15790224,0.84877014,2.2084136
NodeBB__NodeBB-05f2236193f407cf8e2072757fbd6bb170bc13f0,0.05371729,0.4390877,0.16206154,0.6432252,0.49280497
NodeBB__NodeBB-0c81642997ea1d827dbd02c311db9d4976112cd4,0.017277565,0.72948647,0.16063957,0.68587565,0.746764
NodeBB__NodeBB-0e07f3c9bace416cbab078a30eae972868c0a8a3,0.048348296,3.23756,0.16497181,1.015447,3.2859082
NodeBB__NodeBB-0f788b8eaa4bba3c142d171fd941d015c53b65fc,-0.006672349,2.389851,0.16474824,0.80588627,2.3831787
NodeBB__NodeBB-1ea9481af6125ffd6da0592ed439aa62af0bca11,0.038556103,1.6647173,0.15358438,0.8306657,1.7032734
NodeBB__NodeBB-22368b996ee0e5f11a5189b400b33af3cc8d925a,0.027347643,0.1281521,0.16547465,0.6376441,0.15549974
NodeBB__NodeBB-2657804c1fb6b84dc76ad3b18ecf061aaab5f29f,-0.006379805,2.370505,0.17237142,0.82614577,2.3641253
NodeBB__NodeBB-397835a05a8e2897324e566b41c5e616e172b4af,-0.006214984,-0.3654598,0.1909353,0.6969546,-0.37167478
NodeBB__NodeBB-3c85b944e30a0ba8b3ec9e1f441c74f383625a15,-0.009934931,0.3451551,0.14950448,0.67067933,0.33522016
NodeBB__NodeBB-4327a09d76f10a79109da9d91c22120428d3bdb9,0.01394678,-2.54421,0.16194129,1.0222968,-2.5302632
NodeBB__NodeBB-51d8f3b195bddb13a13ddc0de110722774d9bb1b,0.026475824,1.6781262,0.16878274,0.67848986,1.704602
NodeBB__NodeBB-6489e9fd9ed16ea743cc5627f4d86c72fbdb3a8a,-0.016821435,0.7713138,0.15096165,0.6050019,0.75449234
NodeBB__NodeBB-6ea3b51f128dd270281db576a1b59270d5e45db0,0.00040422473,0.058734518,0.16817631,0.63406175,0.05913874
NodeBB__NodeBB-70b4a0e2aebebe8f2f559de6680093d96a697b2f,-0.04248659,-0.38975418,0.16948134,0.59567165,-0.43224075
NodeBB__NodeBB-767973717be700f46f06f3e7f4fc550c63509046,-0.01212298,1.2621809,0.17617166,0.66771543,1.2500579
NodeBB__NodeBB-76c6e30282906ac664f2c9278fc90999b27b1f48,-0.019016137,-0.44539878,0.14976081,0.6363651,-0.46441492
NodeBB__NodeBB-7b8bffd763e2155cf88f3ebc258fa68ebe18188d,-0.019462002,0.0054448564,0.16853556,0.6232541,-0.014017146
NodeBB__NodeBB-82562bec444940608052f3e4149e0c61ec80bf3f,-0.05340933,0.4299316,0.16766995,0.62661695,0.37652227
NodeBB__NodeBB-84e065752f6d7fbe5c08cbf50cb173ffb866b8fa,0.020541554,0.73962533,0.18062024,0.6168952,0.7601669
NodeBB__NodeBB-8ca65b0c78c67c1653487c02d1135e1b702185e1,0.011936496,1.2188964,0.16212638,0.70412165,1.2308329
NodeBB__NodeBB-97c8569a798075c50e93e585ac741ab55cb7c28b,0.027074892,1.7484173,0.18833616,0.8063357,1.7754922
NodeBB__NodeBB-a5afad27e52fd336163063ba40dcadc80233ae10,0.028889172,2.3161268,0.16406462,0.7896617,2.345016
NodeBB__NodeBB-b1f9ad5534bb3a44dab5364f659876a4b7fe34c1,0.053253837,-0.60043883,0.16039751,0.6508203,-0.547185
NodeBB__NodeBB-b398321a5eb913666f903a794219833926881a8f,0.02762862,0.8239739,0.18492329,0.5964176,0.8516025
NodeBB__NodeBB-bad15643013ca15affe408b75eba9e47cc604bb2,-0.011951611,0.38443598,0.16827403,0.6408689,0.37248436
NodeBB__NodeBB-bd80d36e0dcf78cd4360791a82966078b3a07712,-0.035093457,0.3966617,0.17309469,0.6573996,0.36156824
NodeBB__NodeBB-cfc237c2b79d8c731bbfc6cadf977ed530bfd57a,-0.062067095,0.79571295,0.17686155,0.6474084,0.73364586
NodeBB__NodeBB-da0211b1a001d45d73b4c84c6417a4f1b0312575,0.026035078,0.8111466,0.16883148,0.64057636,0.8371817
NodeBB__NodeBB-eb49a64974ca844bca061744fb3383f5d13b02ad,0.02930354,1.7534558,0.15800165,0.8262851,1.7827593
NodeBB__NodeBB-f083cd559d69c16481376868c8da65172729c0ca,-0.09583847,-0.8434761,0.1811249,0.687077,-0.9393146
NodeBB__NodeBB-f48ed3658aab7be0f1165d4c1f89af48d7865189,0.0013868534,1.7590531,0.17382564,0.7723744,1.76044
NodeBB__NodeBB-f9ce92df988db7c1ae55d9ef96d247d27478bc70,-0.086644396,-0.7927953,0.176854,0.61077565,-0.8794397
adaptive-rejection-sampler,-0.01440352,0.11495185,0.15582216,0.28373152,0.10054833
ansible__ansible-0ea40e09d1b35bcb69ff4d9cecf3d0defa4b36e8,-0.048318315,-2.4582853,0.17376323,0.89035404,-2.5066037
ansible__ansible-0fd88717c953b92ed8a50495d55e630eb5d59166,0.05254931,1.2274841,0.15357284,0.66051555,1.2800335
ansible__ansible-106909db8b730480615f4a33de0eb5b710944e78,0.007893558,0.37337548,0.15679595,0.66989994,0.38126904
ansible__ansible-12734fa21c08a0ce8c84e533abdc560db2eb1955,-0.03351269,-2.4235666,0.16686594,0.88398594,-2.4570792
ansible__ansible-164881d871964aa64e0f911d03ae270acbad253c,-0.00041379876,-0.33883098,0.1601408,0.79690087,-0.33924478
ansible__ansible-185d41031660a676c43fbb781cd1335902024bfe,-0.009517811,0.3699562,0.16583167,0.6040181,0.36043838
ansible__ansible-189fcb37f973f0b1d52b555728208eeb9a6fce83,0.03115783,-0.3827661,0.17333286,0.6102032,-0.35160828
ansible__ansible-1a4644ff15355fd696ac5b9d074a566a80fe7ca3,-0.010298755,-1.8175828,0.1929682,0.7925699,-1.8278816
ansible__ansible-1b70260d5aa2f6c9782fd2b848e8d16566e50d85,0.04830905,1.1290901,0.16929555,0.7176691,1.1773992
ansible__ansible-1ee70fc272aff6bf3415357c6e13c5de5b928d9b,0.0011472804,-3.6368198,0.17779016,1.0199376,-3.6356726
ansible__ansible-29aea9ff3466e4cd2ed00524b9e56738d568ce8b,0.05180627,0.7885374,0.16477153,0.617788,0.84034365
ansible__ansible-34db57a47f875d11c4068567b9ec7ace174ec4cf,0.01882118,0.38975757,0.17576303,0.66317743,0.40857875
ansible__ansible-379058e10f3dbc0fdcaf80394bd09b18927e7d33,-0.0042161485,-0.7538217,0.17757274,0.64314497,-0.7580378
ansible__ansible-395e5e20fab9cad517243372fa3c3c5d9e09ab2a,-0.006149889,-0.7130195,0.16151223,0.70298976,-0.7191694
ansible__ansible-39bd8b99ec8c6624207bf3556ac7f9626dad9173,-0.0011277485,1.6883558,0.1837912,0.76774293,1.6872281
ansible__ansible-3b823d908e8a5d17674f8c26d337d3114b7493b1,0.006417023,-1.7607497,0.171974,0.75999135,-1.7543327
ansible__ansible-3db08adbb1cc6aa9941be5e0fc810132c6e1fa4b,-0.053325888,0.28752,0.15593979,0.67200935,0.2341941
ansible__ansible-415e08c2970757472314e515cb63a51ad825c45e,0.022924544,-0.77843297,0.16119495,0.6623826,-0.7555084
ansible__ansible-42355d181a11b51ebfc56f6f4b3d9c74e01cb13b,0.00744271,-0.0017506566,0.1729133,0.5941541,0.0056920536
ansible__ansible-489156378c8e97374a75a544c7c9c2c0dd8146d1,-0.018962258,-0.33970615,0.15965046,0.61408144,-0.35866842
ansible__ansible-502270c804c33d3bc963930dc85e0f4ca359674d,0.038052518,0.030539813,0.16281806,0.6471269,0.06859233
ansible__ansible-5260527c4a71bfed99d803e687dd19619423b134,0.016391624,0.34770963,0.17089579,0.624282,0.36410126
ansible__ansible-5640093f1ca63fd6af231cc8a7fb7d40e1907b8c,0.07691587,2.3541768,0.1497843,0.85223705,2.4310927
ansible__ansible-5c225dc0f5bfa677addeac100a8018df3f3a9db1,-0.012068933,-2.4549825,0.16761677,1.0432597,-2.4670515
ansible__ansible-5d253a13807e884b7ce0b6b57a963a45e2f0322c,0.009374364,0.046325482,0.16593508,0.62813133,0.055699848
ansible__ansible-5e369604e1930b1a2e071fecd7ec5276ebd12cb1,-0.042800132,1.1345527,0.17025551,0.6557419,1.0917525
ansible__ansible-5e88cd9972f10b66dd97e1ee684c910c6a2dd25e,0.042123195,1.7256331,0.15792601,0.7006037,1.7677563
ansible__ansible-5f4e332e3762999d94af27746db29ff1729252c1,0.017997794,-2.4647715,0.18509671,0.9461677,-2.4467738
ansible__ansible-622a493ae03bd5e5cf517d336fc426e9d12208c7,-0.0008100318,0.8516836,0.17079633,0.7316473,0.8508736
ansible__ansible-6cc97447aac5816745278f3735af128afb255c81,0.0014652782,3.284225,0.16161336,1.0431976,3.2856903
ansible__ansible-709484969c8a4ffd74b839a673431a8c5caa6457,-0.0034727308,1.6639856,0.16753568,0.847529,1.6605129
ansible__ansible-748f534312f2073a25a87871f5bd05882891b8c4,-0.045605727,-1.8665203,0.16348429,0.83717895,-1.9121261
ansible__ansible-77658704217d5f166404fc67997203c25381cb6e,-0.021460464,0.7872205,0.17287414,0.59736717,0.76576
ansible__ansible-811093f0225caa4dd33890933150a81c6a6d5226,-0.0013168182,-0.0044859303,0.14857964,0.66683453,-0.0058027487
ansible__ansible-8127abbc298cabf04aaa89a478fc5e5e3432a6fc,0.018350556,2.3493004,0.17079061,0.86180186,2.367651
ansible__ansible-9142be2f6cabbe6597c9254c5bb9186d17036d55,-0.024743332,2.3715918,0.17411278,0.84078187,2.3468485
ansible__ansible-942424e10b2095a173dbd78e7128f52f7995849b,0.03513026,2.4295335,0.15888476,0.9188604,2.4646637
ansible__ansible-9759e0ca494de1fd5fc2df2c5d11c57adbe6007c,-0.02524838,0.36258876,0.16424765,0.5739381,0.33734038
ansible__ansible-984216f52e76b904e5b0fa0fb956ab4f1e0a7751,0.0052372282,1.5997294,0.16649806,0.76785344,1.6049666
ansible__ansible-9a21e247786ebd294dafafca1105fcd770ff46c6,0.05790716,1.7658906,0.18044347,0.807791,1.8237977
ansible__ansible-a02e22e902a69aeb465f16bf03f7f5a91b2cb828,-0.014416659,1.1906523,0.14536232,0.67036664,1.1762356
ansible__ansible-a1569ea4ca6af5480cf0b7b3135f5e12add28a44,-0.047620617,2.3150742,0.1810923,0.7973614,2.2674537
ansible__ansible-a20a52701402a12f91396549df04ac55809f68e9,-0.010031826,-0.8030093,0.16767913,0.62959564,-0.8130411
ansible__ansible-a26c325bd8f6e2822d9d7e62f77a424c1db4fbf6,-0.0074044676,0.33875772,0.15195188,0.6290178,0.33135325
ansible__ansible-a6e671db25381ed111bbad0ab3e7d97366395d05,-0.024629934,-2.5065386,0.16194844,0.882632,-2.5311685
ansible__ansible-a7d2a4e03209cff1e97e59fd54bb2b05fdbdbec6,-0.0076315966,-0.30740646,0.1829575,0.68429476,-0.31503806
ansible__ansible-b2a289dcbb702003377221e25f62c8a3608f0e89,0.010555824,-0.6470614,0.17990041,0.6043171,-0.6365056
ansible__ansible-b5e0293645570f3f404ad1dbbe5f006956ada0df,-0.024413867,1.2563243,0.16011065,0.6702847,1.2319105
ansible__ansible-b8025ac160146319d2b875be3366b60c852dd35d,0.029941613,1.2073109,0.18176167,0.6103554,1.2372525
ansible__ansible-be2c376ab87e3e872ca21697508f12c6909cf85a,0.017562754,0.40072146,0.15471426,0.62710357,0.4182842
ansible__ansible-be59caa59bf47ca78a4760eb7ff38568372a8260,0.033221908,-0.02079032,0.15366966,0.63418007,0.012431588
ansible__ansible-bf98f031f3f5af31a2d78dc2f0a58fe92ebae0bb,0.06730703,3.336514,0.15436485,1.0992333,3.403821
ansible__ansible-cb94c0cc550df9e98f1247bc71d8c2b861c75049,-0.016776564,-0.38431567,0.17180894,0.6497982,-0.40109223
ansible__ansible-cd9c4eb5a6b2bfaf4a6709f001ce3d0c92c1eed2,0.018667381,1.2086217,0.16041681,0.71682656,1.2272891
ansible__ansible-d2f80991180337e2be23d6883064a67dcbaeb662,0.031891383,3.4206738,0.15197346,0.995407,3.4525652
ansible__ansible-d30fc6c0b359f631130b0e979d9a78a7b3747d48,-0.030555395,1.7080824,0.1680587,0.7648754,1.6775271
ansible__ansible-d62496fe416623e88b90139dc7917080cb04ce70,-0.0032813586,1.1839772,0.15842365,0.6341621,1.1806959
ansible__ansible-d6d2251929c84c3aa883bad7db0f19cc9ff0339e,0.012936989,1.241706,0.18499097,0.6445094,1.254643
ansible__ansible-d9f1866249756efc264b00ff7497e92c11a9885f,0.016933054,-1.7994344,0.17772333,0.71694213,-1.7825013
ansible__ansible-de01db08d00c8d2438e1ba5989c313ba16a145b0,-0.0015482375,0.37974432,0.16196308,0.7007033,0.3781961
ansible__ansible-deb54e4c5b32a346f1f0b0a14f1c713d2cc2e961,-0.0049478714,0.83542,0.16884917,0.57227844,0.8304721
ansible__ansible-e0c91af45fa9af575d10fd3e724ebc59d2b2d6ac,-0.0075340695,-1.8554233,0.17409103,0.71203303,-1.8629574
ansible__ansible-e22e103cdf8edc56ff7d9b848a58f94f1471a263,-0.017968664,-0.33984765,0.15736465,0.56941324,-0.3578163
ansible__ansible-e9e6001263f51103e96e58ad382660df0f3d0e39,-0.009835363,-0.3803511,0.17830247,0.5623247,-0.39018646
ansible__ansible-ea04e0048dbb3b63f876aad7020e1de8eee9f362,0.010528298,0.010198415,0.15953477,0.66676414,0.020726714
ansible__ansible-ed6581e4db2f1bec5a772213c3e186081adc162d,0.031351894,-1.2841511,0.15476033,0.6502942,-1.2527992
ansible__ansible-f327e65d11bb905ed9f15996024f857a95592629,-0.01998382,0.75922996,0.16234206,0.64774305,0.73924613
ansible__ansible-f8ef34672b961a95ec7282643679492862c688ec,-0.008423771,0.4625634,0.17866811,0.68104243,0.45413962
ansible__ansible-fb144c44144f8bd3542e71f5db62b6d322c7bd85,0.038276404,0.73121464,0.1932785,0.6293453,0.7694911
astropy__astropy-12907,-0.01590365,-0.3869554,0.14769489,0.3623088,-0.40285906
astropy__astropy-13236,0.008216424,3.5998003,0.16475494,0.7401831,3.6080167
astropy__astropy-13453,0.03614482,-0.15723585,0.17636608,0.34965706,-0.12109102
astropy__astropy-13579,-0.046004493,-0.7306769,0.17425342,0.38081297,-0.77668136
astropy__astropy-14096,-0.021254327,-0.18541928,0.15682891,0.3995505,-0.2066736
astropy__astropy-14182,0.075743966,3.141432,0.18464395,0.6075229,3.217176
astropy__astropy-14309,-0.048744567,-3.9108326,0.16319785,0.5336774,-3.9595773
astropy__astropy-14365,0.014869803,3.6233954,0.18824369,0.7079396,3.6382651
astropy__astropy-14369,0.048078857,2.7254045,0.15897995,0.55641896,2.7734833
astropy__astropy-14508,-0.02347008,-0.35346502,0.18034881,0.39555597,-0.3769351
astropy__astropy-14539,0.054220438,-1.390504,0.15222096,0.39844993,-1.3362836
astropy__astropy-14598,0.014985851,3.4562578,0.16035163,0.769822,3.4712436
astropy__astropy-14995,-0.048807174,-2.1483479,0.16693695,0.44356936,-2.197155
astropy__astropy-7166,-0.00485972,-2.1020198,0.1572603,0.42587724,-2.1068795
astropy__astropy-7336,-0.024455648,-2.9993002,0.16994518,0.48777595,-3.0237558
astropy__astropy-7606,-0.009673121,3.1248715,0.18175484,0.64437824,3.1151984
astropy__astropy-7671,-0.04005504,-3.2433321,0.17436017,0.46968052,-3.2833872
bn-fit-modify,0.009141553,-0.12995687,0.16317168,0.2804389,-0.12081532
break-filter-js-from-html,0.023403332,1.8105237,0.13438337,0.29279715,1.833927
build-cython-ext,0.04185802,1.1851165,0.14370959,0.26709744,1.2269746
build-pmars,-0.028773826,-2.2649884,0.15232301,0.49783465,-2.2937622
build-pov-ray,0.03265437,-0.537458,0.17394187,0.32278222,-0.50480366
caffe-cifar-10,0.055092443,4.0445356,0.14615841,0.44127178,4.099628
cancel-async-tasks,-0.050098885,-0.3657463,0.16321895,0.32269776,-0.4158452
chess-best-move,0.04632915,3.839276,0.16622764,0.4457224,3.8856053
circuit-fibsqrt,-0.015319138,2.0564418,0.15024692,0.3119969,2.0411227
cobol-modernization,-0.051998578,-2.9881194,0.16166747,0.5509076,-3.040118
code-from-image,0.012625724,-1.519443,0.14390635,0.3831094,-1.5068173
compile-compcert,-0.0137681365,0.5968661,0.1462182,0.2765257,0.58309793
configure-git-webserver,-0.03483812,-0.81931937,0.16286588,0.33451125,-0.8541575
constraints-scheduling,-0.01779251,-3.8375578,0.16326141,0.7433174,-3.8553503
count-dataset-tokens,-0.0017800161,0.5770793,0.15724482,0.28222367,0.57529926
crack-7z-hash,-0.024231177,-0.621682,0.14278403,0.33129784,-0.6459132
custom-memory-heap-crash,-0.018098468,-1.4123945,0.1598092,0.40003315,-1.430493
db-wal-recovery,0.0027903547,2.8003895,0.15781668,0.3692561,2.80318
distribution-search,-0.01789177,-1.3857028,0.16153285,0.3952422,-1.4035946
django__django-10097,-0.013272056,0.71027136,0.14851624,0.42672834,0.6969993
django__django-10880,0.052727018,-1.0361807,0.15459403,0.43305767,-0.9834537
django__django-10914,-0.060260028,-3.534157,0.17631976,0.55067974,-3.594417
django__django-10973,-0.057032086,-1.8266084,0.14407574,0.4040539,-1.8836405
django__django-11066,-0.025469853,-4.5322843,0.15951797,0.57063526,-4.557754
django__django-11095,-0.052486923,-2.5784354,0.15229733,0.4716933,-2.6309223
django__django-11099,-0.0043269508,-4.4927697,0.16672434,0.6269041,-4.4970965
django__django-11119,-0.019076305,-4.050579,0.1523787,0.5465913,-4.0696554
django__django-11133,-0.06588903,-3.8594973,0.16961862,0.54803,-3.9253864
django__django-11138,-0.02377318,3.5280159,0.14907148,0.7357571,3.5042427
django__django-11141,0.023015121,2.817967,0.15525128,0.6456576,2.840982
django__django-11149,-0.007861283,2.1680682,0.17310381,0.49329928,2.1602068
django__django-11163,-0.0107965125,-3.6149216,0.17451866,0.57018226,-3.625718
django__django-11179,-0.0016045917,-1.995019,0.1644828,0.45668045,-1.9966235
django__django-11206,0.058525775,0.7635661,0.1790195,0.40235224,0.8220919
django__django-11211,0.023828305,-0.5179026,0.16505411,0.33383474,-0.4940743
django__django-11239,-0.0052658557,1.3157947,0.15510622,0.44983098,1.3105289
django__django-11265,0.03257781,0.9621894,0.16525766,0.40268615,0.9947672
django__django-11276,-0.03975443,-2.220923,0.15794931,0.4303811,-2.2606773
django__django-11292,-0.0045215464,-1.522012,0.1557057,0.43578795,-1.5265335
django__django-11299,0.03852472,-0.049608085,0.16145001,0.36766478,-0.0110833645
django__django-11333,-0.04530652,0.17843077,0.16034359,0.39313155,0.13312425
django__django-11433,0.038385306,3.6335578,0.17682557,0.76789975,3.6719432
django__django-11451,-0.095653825,-1.2757908,0.17684475,0.41672033,-1.3714446
django__django-11490,0.0045255614,1.1737384,0.15910026,0.43511516,1.1782639
django__django-11532,-0.022179684,0.7704533,0.16917141,0.43055314,0.7482736
django__django-11551,-0.0547087,-3.1022842,0.15154918,0.5209233,-3.156993
django__django-11555,-0.063176066,0.9292457,0.15481396,0.399373,0.8660697
django__django-11603,0.015612675,-3.2941453,0.14180993,0.48425856,-3.2785327
django__django-11728,0.05102965,3.0298014,0.17430256,0.7239635,3.080831
django__django-11740,0.026118621,-0.43355724,0.1674075,0.38673273,-0.40743864
django__django-11749,-0.047982804,-0.5487001,0.15284912,0.37739462,-0.5966829
django__django-11790,0.04579197,1.6523843,0.15229562,0.48681876,1.6981763
django__django-11815,-0.05388503,-0.9198381,0.14585333,0.39493063,-0.9737231
django__django-11820,0.010106929,3.6325407,0.1597651,0.81230676,3.6426477
django__django-11848,-0.010827242,1.946328,0.15661013,0.4589136,1.9355009
django__django-11880,-0.037785586,-3.4652343,0.15536441,0.5337019,-3.5030198
django__django-11885,0.033974633,2.3769999,0.15937448,0.46686423,2.4109745
django__django-11951,0.013220117,-1.9200094,0.17193356,0.41019335,-1.9067893
django__django-11964,-0.005631686,2.1133795,0.15113302,0.49220207,2.1077478
django__django-11999,-0.020229649,-1.802822,0.17237605,0.41825435,-1.8230517
django__django-12039,-0.019710599,0.38110995,0.16606446,0.38695148,0.36139935
django__django-12050,0.021876983,-2.0966868,0.1520763,0.42573276,-2.0748098
django__django-12125,-0.03070833,0.5184324,0.14843863,0.34374288,0.48772404
django__django-12143,-0.012216601,-3.853645,0.1759398,0.5790773,-3.8658617
django__django-12155,-0.057122402,-4.59443,0.1706673,0.6004321,-4.651552
django__django-12193,-0.031224169,0.003351455,0.17157555,0.37644243,-0.027872713
django__django-12209,-0.08323057,-1.584593,0.17270355,0.3937538,-1.6678237
django__django-12262,-0.053224348,-0.6818734,0.15064023,0.3499966,-0.7350977
django__django-12273,0.03761699,3.0923157,0.18161167,0.7038298,3.1299326
django__django-12276,-0.023152437,-2.0141127,0.14924055,0.4737367,-2.037265
django__django-12304,-0.048652634,-0.6383897,0.15218061,0.43403593,-0.68704236
django__django-12308,0.052272353,1.773602,0.1568687,0.5036949,1.8258743
django__django-12325,0.011329388,3.6395655,0.16686253,0.7831773,3.6508949
django__django-12419,-0.059041187,-3.804289,0.16889356,0.5498926,-3.8633304
django__django-12663,0.019242255,0.54654825,0.15087846,0.41992262,0.5657905
django__django-12708,0.040327612,-0.7805337,0.15189755,0.45047414,-0.74020606
django__django-12713,-0.08289752,-2.5454228,0.16905315,0.47636753,-2.6283202
django__django-12741,-0.03368796,-1.3500302,0.16500315,0.40166458,-1.3837181
django__django-12754,0.013003303,0.49938425,0.15855022,0.4135656,0.5123876
django__django-12774,0.034197412,0.6701601,0.14370759,0.39720047,0.7043575
django__django-12858,0.026905201,-0.6812086,0.1606481,0.39161256,-0.65430343
django__django-12965,0.027842829,0.9727611,0.15880302,0.41431642,1.0006039
django__django-13012,-0.027842512,-0.41004553,0.16489638,0.4022327,-0.43788806
django__django-13023,0.049975045,-0.11954708,0.14802669,0.3429718,-0.06957203
django__django-13028,-0.042983484,-0.7989155,0.1695935,0.36804137,-0.841899
django__django-13033,-0.065842286,-0.00096849084,0.16483489,0.3894701,-0.06681078
django__django-13089,-0.009304082,-3.81566,0.16693157,0.5952746,-3.824964
django__django-13109,-0.034127098,-3.4856687,0.20427825,0.6162639,-3.5197957
django__django-13112,-0.061359223,0.9875822,0.16536565,0.40001994,0.926223
django__django-13121,0.048810694,0.62052643,0.16262197,0.41604754,0.66933715
django__django-13128,0.015858283,0.9874373,0.17043552,0.42731127,1.0032955
django__django-13158,-0.027698928,0.031195052,0.16012341,0.4138172,0.0034961235
django__django-13195,0.033494435,3.6491065,0.15549713,0.73721826,3.682601
django__django-13279,0.007701161,-0.42878115,0.1386724,0.3756563,-0.42108
django__django-13297,-0.0065779667,0.3611791,0.15755515,0.38102007,0.35460114
django__django-13315,-0.016688693,-0.54028404,0.15522364,0.38671562,-0.55697274
django__django-13343,-0.013212434,-1.3055211,0.15432172,0.42000315,-1.3187336
django__django-13346,-0.0006985283,1.0122547,0.16207787,0.40676242,1.0115561
django__django-13363,-0.054435875,-3.0019362,0.15890363,0.49272203,-3.0563722
django__django-13401,-0.024510777,-0.8662492,0.14071625,0.4125864,-0.89076
django__django-13406,0.06296359,0.036479473,0.15451775,0.38954815,0.09944306
django__django-13410,-0.02240814,-3.5877132,0.18485183,0.5621884,-3.6101215
django__django-13417,-0.025097167,-2.327052,0.15602861,0.42009342,-2.3521492
django__django-13449,-0.007773395,-0.24591763,0.1493598,0.38779294,-0.25369102
django__django-13512,-0.010687952,0.80813885,0.15893343,0.4165633,0.7974509
django__django-13516,-0.036673732,-2.042161,0.16746804,0.47372073,-2.0788348
django__django-13551,0.0014398077,0.4923581,0.16455299,0.38324204,0.4937979
django__django-13568,-0.02408149,0.6181268,0.167733,0.4450515,0.59404534
django__django-13569,-0.020984998,-1.1166493,0.1593274,0.4141071,-1.1376343
django__django-13590,-0.010211091,-0.7078985,0.14887664,0.39264822,-0.7181096
django__django-13658,-0.038752094,-4.8791747,0.1681025,0.63313556,-4.917927
django__django-13670,-0.0062846825,-3.2617497,0.1656078,0.4759039,-3.2680345
django__django-13741,-0.07099416,-4.170523,0.16509281,0.60431933,-4.2415175
django__django-13786,-0.015412203,-2.7225196,0.16081403,0.48067307,-2.7379317
django__django-13794,0.001185797,2.72798,0.17312929,0.5964665,2.7291658
django__django-13807,0.048860233,1.5422302,0.16162544,0.46472582,1.5910904
django__django-13809,0.00013880209,-1.938303,0.15686816,0.409031,-1.9381642
django__django-13810,0.0024502024,-1.4070095,0.1441655,0.45685172,-1.4045593
django__django-13820,-0.036003392,-3.2371006,0.16792537,0.44791856,-3.273104
django__django-13821,-0.010813358,-2.9842744,0.16856572,0.48808017,-2.9950879
django__django-13837,0.051963996,-1.6108855,0.16210634,0.40972552,-1.5589215
django__django-13925,0.028745212,0.90716314,0.16181478,0.3895775,0.9359084
django__django-13933,-0.024060661,-1.8736176,0.15906058,0.41017696,-1.8976783
django__django-13964,0.011880475,0.5840694,0.15200539,0.40030724,0.5959498
django__django-14007,-0.03585512,-0.6260035,0.1602765,0.37600112,-0.6618586
django__django-14017,-0.051969435,-0.8914601,0.15220228,0.37463266,-0.9434295
django__django-14053,-0.018902693,-1.7880322,0.15403841,0.4041292,-1.8069348
django__django-14089,-0.019922905,-3.8110425,0.15844299,0.5653718,-3.8309655
django__django-14122,-0.042346846,-0.10279362,0.16374242,0.41324127,-0.14514047
django__django-14140,0.040574647,0.9429466,0.15858164,0.40013972,0.9835213
django__django-14238,-0.05822077,-2.402329,0.16416179,0.4305284,-2.4605498
django__django-14311,0.011656297,0.8339996,0.16180329,0.4090673,0.84565586
django__django-14315,0.047000196,3.6218917,0.16507012,0.77316046,3.668892
django__django-14349,0.024125565,-2.0827594,0.17016998,0.4075599,-2.0586338
django__django-14351,-0.018327925,-0.20243701,0.16666055,0.48850465,-0.22076494
django__django-14373,-0.019395672,-4.5536737,0.17992888,0.6778119,-4.5730696
django__django-14376,0.022604479,1.6562998,0.15598224,0.42832947,1.6789043
django__django-14404,-0.012480652,1.8756112,0.14892136,0.4632726,1.8631306
django__django-14434,-0.048182428,-0.7815634,0.16400847,0.42714152,-0.8297458
django__django-14493,-0.04871043,-1.6524758,0.15021776,0.4355159,-1.7011863
django__django-14500,0.055485602,-1.1790026,0.16324359,0.3694409,-1.123517
django__django-14534,0.030762956,2.7097797,0.16057828,0.5779382,2.7405427
django__django-14539,-0.013010867,-1.6281534,0.15341283,0.41659573,-1.6411643
django__django-14559,-0.021857241,-1.4362668,0.15503386,0.40020126,-1.458124
django__django-14580,-0.019943131,-0.2185174,0.16990378,0.35045996,-0.23846053
django__django-14608,0.0033275336,-1.4604295,0.18011208,0.36308208,-1.4571021
django__django-14631,0.09196549,0.8014713,0.1604606,0.4293794,0.8934368
django__django-14672,-0.03158806,-2.4225128,0.17030646,0.41536257,-2.4541008
django__django-14725,0.0147116,2.711228,0.1590442,0.6891859,2.7259395
django__django-14752,-0.09304589,-3.3049836,0.16301517,0.53584427,-3.3980296
django__django-14765,-0.013204428,-3.8118854,0.1742566,0.5887675,-3.8250897
django__django-14771,0.05926389,0.2110098,0.15982333,0.39045674,0.2702737
django__django-14787,-0.00056424714,-1.3047506,0.1448325,0.40168506,-1.3053148
django__django-14792,0.03181402,3.6213925,0.16415855,0.7552037,3.6532066
django__django-14855,0.038423672,-3.45447,0.14954017,0.53768635,-3.4160461
django__django-14915,-0.024358734,-3.0298383,0.16814706,0.49066013,-3.054197
django__django-14999,-0.022409517,-0.6435746,0.1629458,0.4221635,-0.6659841
django__django-15022,-0.0022401805,-0.046843916,0.15082797,0.40476635,-0.049084097
django__django-15037,0.0020456475,0.6408227,0.16043632,0.40800288,0.64286834
django__django-15103,-0.007791214,-0.98710215,0.15567788,0.369874,-0.9948934
django__django-15104,-0.04604025,-4.165908,0.1618116,0.60776603,-4.211948
django__django-15127,-0.018586904,1.6708866,0.14990021,0.4129858,1.6522998
django__django-15128,-0.007277854,0.81544197,0.15409753,0.3893527,0.8081641
django__django-15161,-0.02246027,0.053889032,0.14965734,0.3678132,0.03142876
django__django-15268,0.06867322,0.22811772,0.15790658,0.38020352,0.29679096
django__django-15277,-0.03894549,-3.8269923,0.15947032,0.5685367,-3.8659377
django__django-15278,-0.07731749,-1.4373599,0.18534584,0.39448527,-1.5146774
django__django-15280,0.06314844,3.094906,0.17905472,0.6918943,3.1580546
django__django-15315,-0.007799218,-2.7845814,0.15093608,0.4490052,-2.7923806
django__django-15368,-0.0469282,-2.9429603,0.15930149,0.52374417,-2.9898884
django__django-15375,0.018749915,0.6847787,0.1481962,0.4166005,0.7035286
django__django-15380,0.01286707,-1.2816231,0.1558627,0.40990084,-1.268756
django__django-15382,0.0052807797,-0.32984215,0.15544745,0.39916793,-0.32456136
django__django-15467,-0.0006346201,-4.215543,0.18915376,0.59180987,-4.2161775
django__django-15499,0.0012726177,-2.2233396,0.14294976,0.4216155,-2.2220669
django__django-15503,-0.022041533,1.7092377,0.16152689,0.4128505,1.6871961
django__django-15525,0.0072043254,-0.3902184,0.14460109,0.39023003,-0.38301408
django__django-15554,0.03317537,2.1808136,0.16783139,0.45885244,2.213989
django__django-15561,0.02724244,-1.2165134,0.15734392,0.37571073,-1.189271
django__django-15563,0.06495864,2.3992014,0.15817547,0.5403776,2.46416
django__django-15569,-0.03749561,-3.1742623,0.16671073,0.48934883,-3.211758
django__django-15572,-0.0014287182,-1.9617783,0.16572312,0.44698504,-1.963207
django__django-15695,-0.052438613,2.4036984,0.18856463,0.53904206,2.35126
django__django-15731,-0.009934047,-3.25306,0.15122347,0.51238376,-3.262994
django__django-15732,0.02717087,2.408661,0.16444916,0.5341604,2.4358318
django__django-15741,0.014109152,-2.9418762,0.16086984,0.48912257,-2.927767
django__django-15814,-0.015956901,-1.140324,0.15251924,0.39278772,-1.1562809
django__django-15851,0.028733198,-2.4610035,0.16130342,0.4974015,-2.4322703
django__django-15863,-0.05666843,-1.4313064,0.1777851,0.37775,-1.4879748
django__django-15916,-0.028343685,1.5477173,0.13536239,0.46485388,1.5193737
django__django-15930,0.018942136,0.057490937,0.15579593,0.40817228,0.07643308
django__django-15957,0.031805784,3.5438344,0.1763515,0.7798831,3.5756402
django__django-15987,0.0038608368,-0.9683904,0.14716831,0.41751972,-0.9645296
django__django-16032,0.027096136,0.19966531,0.14638434,0.426456,0.22676145
django__django-16082,-0.009287627,-0.9321189,0.15448858,0.39177042,-0.94140655
django__django-16100,0.04351116,-0.792208,0.16891432,0.39966422,-0.74869686
django__django-16116,-0.039520826,-1.9299192,0.17781474,0.50478965,-1.9694401
django__django-16136,-0.0071456414,-1.235243,0.16374859,0.39015517,-1.2423886
django__django-16139,0.008169642,-3.5697713,0.16482194,0.5613041,-3.5616016
django__django-16145,-0.00290498,-2.3619218,0.18154281,0.44492066,-2.3648267
django__django-16255,-0.016449403,-4.1921425,0.16184913,0.58216614,-4.208592
django__django-16315,-0.0013859328,0.6278875,0.16347869,0.4298971,0.62650156
django__django-16333,-0.05658086,-3.3225954,0.16412514,0.50385207,-3.3791761
django__django-16429,-0.026235918,-3.5714304,0.183467,0.5164005,-3.5976663
django__django-16454,0.041088946,1.983026,0.16561654,0.49066237,2.024115
django__django-16485,-0.0050241495,-2.2999675,0.17461228,0.44457456,-2.3049917
django__django-16493,0.0136869075,-2.49486,0.16679893,0.45504653,-2.481173
django__django-16527,0.030514117,-4.491798,0.18038204,0.5862219,-4.4612837
django__django-16560,0.004506094,1.2045048,0.1534773,0.4281532,1.209011
django__django-16569,-0.059737276,-5.3026295,0.16473423,0.7043163,-5.3623667
django__django-16595,-0.016478654,-3.3234427,0.16086692,0.54921263,-3.3399212
django__django-16612,-0.05271847,-2.3464725,0.1589451,0.45789555,-2.399191
django__django-16642,-0.06533343,-0.20258597,0.15466157,0.37046373,-0.2679194
django__django-16661,-0.014210171,-0.28429836,0.16255662,0.3821148,-0.29850852
django__django-16662,-0.058840662,-2.7714918,0.15436016,0.5277144,-2.8303325
django__django-16801,-0.02018409,-3.4915912,0.15625793,0.5360819,-3.5117753
django__django-16819,-0.036380194,-1.6058067,0.16633894,0.44129923,-1.6421869
django__django-16877,0.020050824,0.823121,0.15690623,0.36960113,0.84317183
django__django-16899,-0.017850986,-1.3917066,0.16115268,0.3925405,-1.4095576
django__django-16901,0.040491525,-0.9165886,0.17442122,0.41371408,-0.8760971
django__django-16938,0.029228812,2.1980793,0.16730165,0.52582824,2.2273083
django__django-16950,0.048680473,3.5077317,0.15978052,0.7303938,3.5564122
django__django-17029,-0.034210954,-3.3429105,0.17051102,0.5370361,-3.3771214
django__django-17084,0.040854473,0.9449669,0.1582991,0.40022406,0.98582137
django__django-17087,-0.040559232,-0.6927286,0.16308539,0.37656522,-0.7332878
django__django-7530,-0.046806175,-1.3349172,0.1657112,0.44340044,-1.3817234
django__django-9296,-0.023893196,-3.8350942,0.17862155,0.54345465,-3.8589873
dna-assembly,0.002603952,4.2734413,0.14634201,0.43756366,4.2760453
dna-insert,0.0040430697,3.8349729,0.13717012,0.4440442,3.839016
element-hq__element-web-18c03daa865d3c5b10e52b669cd50be34c67b2e5,0.014956865,-0.71864617,0.15257348,0.6631394,-0.7036893
element-hq__element-web-27139ca68eb075a4438c18fca184887002a4ffbc,0.03737231,-0.7958349,0.17007646,0.612168,-0.7584626
element-hq__element-web-33e8edb3d508d6eefb354819ca693b7accc695e7,0.029932825,-0.72321844,0.186911,0.61899555,-0.69328564
element-hq__element-web-404c412bcb694f04ba0c4d5479541203d701bca0,0.024960293,1.1791977,0.16576649,0.6353377,1.204158
element-hq__element-web-41dfec20bfe9b62cddbbbf621bef2e9aa9685157,0.021167219,1.6356075,0.17828864,0.6998171,1.6567748
element-hq__element-web-494d9de6f0a94ffb491e74744d2735bce02dc0ab,-0.012734308,0.40207234,0.17859443,0.67998505,0.38933805
element-hq__element-web-4c6b0d35add7ae8d58f71ea1711587e31081444b,0.015883205,0.80561316,0.17326015,0.7310821,0.82149637
element-hq__element-web-53b42e321777a598aaf2bb3eab22d710569f83a8,-0.005575556,-0.02614615,0.15777363,0.60638946,-0.031721704
element-hq__element-web-582a1b093fc0b77538052f45cbb9c7295f991b51,0.005503259,1.7851453,0.1664179,0.73644555,1.7906486
element-hq__element-web-5e8488c2838ff4268f39db4a8cca7d74eecf5a7e,-0.011092839,0.7443782,0.16914828,0.6413516,0.73328537
element-hq__element-web-6205c70462e0ce2e1e77afb3a70b55d0fdfe1b31,-0.029930124,-0.28308064,0.16107318,0.64987624,-0.31301075
element-hq__element-web-6961c256035bed0b7640a6e5907652c806968478,-0.049064282,-0.87064254,0.14766626,0.7383399,-0.9197068
element-hq__element-web-71fe08ea0f159ccb707904d87f0a4aef205a167c,-0.024077322,1.6910318,0.1598325,0.74233055,1.6669545
element-hq__element-web-72a8f8f03b1a01bb70ef8a5bb61759416991b32c,0.019866625,0.7614229,0.15773943,0.61090165,0.7812895
element-hq__element-web-772df3021201d9c73835a626df8dcb6334ad9a3e,-0.0019659377,2.3314364,0.17158487,0.8845157,2.3294704
element-hq__element-web-7c63d52500e145d6fff6de41dd717f61ab88d02f,0.022378147,1.3231274,0.17130962,0.6453493,1.3455055
element-hq__element-web-880428ab94c6ea98d3d18dcaeb17e8767adcb461,-0.011912324,1.2245942,0.16099949,0.66213685,1.2126819
element-hq__element-web-8f3c8b35153d2227af45f32e46bd1e15bd60b71f,0.014246062,2.403926,0.17156193,0.9385694,2.418172
element-hq__element-web-923ad4323b2006b2b180544429455ffe7d4a6cc3,0.012351097,0.026078684,0.1752384,0.65993446,0.03842978
element-hq__element-web-9a31cd0fa849da810b4fac6c6c015145e850b282,-0.040128477,2.3619435,0.18000701,0.94980544,2.321815
element-hq__element-web-9bf77963ee5e036d54b2a3ca202fbf6378464a5e,0.057956964,0.8280411,0.16831335,0.66418844,0.885998
element-hq__element-web-a692fe21811f88d92e8f7047fc615e4f1f986b0f,-0.044298258,1.1037265,0.16551737,0.6942792,1.0594282
element-hq__element-web-ad26925bb6628260cfe0fcf90ec0a8cba381f4a4,0.070626974,3.3502285,0.15681952,1.0327951,3.4208555
element-hq__element-web-b7fea97bb68c6628a644580076f840109132f074,-0.0265184,0.8668774,0.1548863,0.6912859,0.840359
element-hq__element-web-ca58617cee8aa91c93553449bfdf9b3465a5119b,0.041149054,2.398891,0.16496168,0.8320732,2.44004
element-hq__element-web-ca8b1b04effb4fec0e1dd3de8e3198eeb364d50e,-0.06782922,-0.36645305,0.16678128,0.6816196,-0.43428227
element-hq__element-web-ce554276db97b9969073369fefa4950ca8e54f84,-0.018764729,0.76619506,0.16024308,0.6347439,0.7474303
element-hq__element-web-d06cf09bf0b3d4a0fbe6bd32e4115caea2083168,0.0045495066,1.7506638,0.15703374,0.73960584,1.7552133
element-hq__element-web-d405160080bbe804f7e9294067d004a7d4dad9d6,-0.025240427,1.7211001,0.16581509,0.7269539,1.6958597
element-hq__element-web-dae13ac8522fc6d41e64d1ac6e3174486fdcce0c,-0.045106247,1.697035,0.14848721,0.7216035,1.6519287
element-hq__element-web-ee13e23b156fbad9369d6a656c827b6444343d4f,0.010008514,-0.38729683,0.18209554,0.6462675,-0.3772883
element-hq__element-web-f0359a5c180b8fec4329c77adcf967c8d3b7b787,0.02615481,0.8133457,0.16827904,0.6554255,0.8395005
element-hq__element-web-f14374a51c153f64f313243f2df6ea4971db4e15,0.07537288,1.31974,0.16391067,0.69355196,1.395113
element-hq__element-web-f3534b42df3dcfe36dc48bddbf14034085af6d30,0.040316593,1.3054978,0.17299795,0.7128071,1.3458143
element-hq__element-web-f63160f38459fb552d00fcc60d4064977a9095a6,0.0129674,2.297953,0.1723848,0.8319165,2.3109202
extract-elf,-0.016495302,-0.76244676,0.15855734,0.3456095,-0.77894205
extract-moves-from-video,0.008828648,5.0410886,0.15153599,0.63202125,5.049917
feal-differential-cryptanalysis,0.037994657,1.4270669,0.14745785,0.30045128,1.4650615
feal-linear-cryptanalysis,0.00068011245,1.9792407,0.16059054,0.32379556,1.9799207
financial-document-processor,-0.011239932,1.7812179,0.1511885,0.3189089,1.769978
fix-code-vulnerability,0.01401147,-0.4901451,0.1554763,0.3162177,-0.4761336
fix-git,-0.06574829,-3.4763627,0.17317097,0.6568531,-3.542111
fix-ocaml-gc,-0.028943665,-0.46312058,0.15153967,0.31024033,-0.49206424
flipt-io__flipt-0b119520afca1cf25c470ff4288c464d4510b944,0.029796159,-0.26364604,0.16301768,0.67439204,-0.23384988
flipt-io__flipt-15b76cada1ef29cfa56b0fba36754be36243dded,-0.02388322,-0.32073373,0.16568126,0.6763196,-0.34461695
flipt-io__flipt-1dceb5edf3fa8f39495b939ef9cc0c3dd38fa17d,-0.008990706,-0.36726815,0.17726846,0.65491503,-0.37625885
flipt-io__flipt-21a935ad7886cc50c46852be21b37f363a926af0,-0.024470922,0.7476769,0.16291551,0.70467436,0.723206
flipt-io__flipt-29d3f9db40c83434d0e3cc082af8baec64c391a9,0.011675997,0.06666529,0.17968072,0.5616812,0.07834129
flipt-io__flipt-2eac0df47b5ecc8bb05002d80383ceb08ab3620a,0.020123787,-0.35317826,0.16926183,0.6172491,-0.33305448
flipt-io__flipt-3b2c25ee8a3ac247c3fad13ad8d64ace34ec8ee7,-0.019675102,1.800675,0.16267633,0.7555094,1.7809999
flipt-io__flipt-3ef34d1fff012140ba86ab3cafec8f9934b492be,0.03357134,1.2526027,0.15792601,0.6842183,1.286174
flipt-io__flipt-507170da0f7f4da330f6732bffdf11c4df7fc192,0.028215442,1.1124204,0.1679471,0.57964426,1.1406358
flipt-io__flipt-5aef5a14890aa145c22d864a834694bae3a6f112,-0.032173187,0.36750135,0.15045786,0.65054405,0.33532816
flipt-io__flipt-5ffba3406a7993d97ced4cc13658bee66150fcca,0.013086698,-1.8820446,0.1543085,0.8146391,-1.8689579
flipt-io__flipt-6fe76d024ee0c50ddb09c86f4ae0bd4c208fd65f,-0.011177692,0.4003935,0.17656535,0.6183545,0.3892158
flipt-io__flipt-7161f7b876773a911afdd804b281e52681cb7321,0.033138648,0.10078869,0.1537926,0.6382663,0.13392735
flipt-io__flipt-72d06db14d58692bfb4d07b1aa745a37b35956f3,-0.004714637,1.6964825,0.17298616,0.7586341,1.6917679
flipt-io__flipt-8bd3604dc54b681f1f0f7dd52cbc70b3024184b6,0.03911309,2.3167055,0.16898575,0.81824994,2.3558185
flipt-io__flipt-967855b429f749c28c112b8cb1b15bc79157f973,0.03715894,2.2921884,0.16455565,0.91430664,2.3293474
flipt-io__flipt-abaa5953795afb9c621605bb18cb32ac48b4508c,-0.014908133,0.81163526,0.18812522,0.61546797,0.7967271
flipt-io__flipt-aebaecd026f752b187f11328b0d464761b15d2ab,-0.03311962,-1.2865111,0.14729987,0.76592034,-1.3196306
flipt-io__flipt-b2170346dc37cf42fda1386cd630f24821ad2ac5,-0.05264814,-0.471453,0.17514272,0.62770647,-0.52410114
flipt-io__flipt-b22f5f02e40b225b6b93fff472914973422e97c6,-0.04223805,0.82345116,0.15604647,0.6175908,0.7812131
flipt-io__flipt-b2393f07d893024ab1e47ea2081e0289e1f9d56f,-0.017507028,0.8120954,0.18088211,0.61283165,0.7945884
flipt-io__flipt-b433bd05ce405837804693bebd5f4b88d87133c8,0.0156765,2.4159417,0.16048561,0.8831699,2.4316182
flipt-io__flipt-b4bb5e13006a729bc0eed8fe6ea18cff54acdacb,0.018612042,0.36763838,0.15195328,0.6018557,0.38625044
flipt-io__flipt-b68b8960b8a08540d5198d78c665a7eb0bea4008,0.0795721,1.7013819,0.15963694,0.7026988,1.780954
flipt-io__flipt-b6cef5cdc0daff3ee99e5974ed60a1dc6b4b0d67,0.05540282,2.3345568,0.16974653,0.8088877,2.3899596
flipt-io__flipt-c12967bc73fdf02054cf3ef8498c05e25f0a18c0,-0.041728377,-0.8312825,0.16638279,0.6183858,-0.8730109
flipt-io__flipt-c154dd1a3590954dfd3b901555fc6267f646a289,0.035722237,1.1591687,0.16698723,0.6869548,1.194891
flipt-io__flipt-cf06f4ebfab7fa21eed3e5838592e8e44566957f,-0.013770684,0.41973934,0.16428423,0.66824156,0.40596867
flipt-io__flipt-d966559200183b713cdf3ea5007a7e0ba86a5afb,0.017778026,0.062333815,0.16543014,0.6097118,0.08011184
flipt-io__flipt-dae029cba7cdb98dfb1a6b416c00d324241e6063,0.028446905,1.754,0.19054642,0.75047034,1.7824469
flipt-io__flipt-db1c3b100e231c62f0c90c2ab037614f20a2a63b,-0.0093746325,0.003165174,0.17955597,0.69633657,-0.006209458
flipt-io__flipt-dbe263961b187e1c5d7fe34c65b000985a2da5a0,-0.0057989047,0.42689198,0.1631366,0.57938737,0.42109308
flipt-io__flipt-e42da21a07a5ae35835ec54f74004ebd58713874,-0.0050116144,1.1231155,0.17448759,0.67825896,1.118104
flipt-io__flipt-e5fe37c379e1eec2dd3492c5737c0be761050b26,0.0027331414,0.39135516,0.17680758,0.67189556,0.3940883
flipt-io__flipt-e88e93990e3ec1e7697754b423decc510d5dd5fe,-0.014318817,0.8316365,0.16240822,0.5633017,0.81731766
flipt-io__flipt-f743945d599b178293e89e784b3b2374b1026430,-0.032561887,1.2921716,0.15044372,0.7432303,1.2596097
future-architect__vuls-01441351c3407abfc21c48a38e28828e1b504e0c,0.030943727,1.7416755,0.15974106,0.78461957,1.7726192
future-architect__vuls-139f3a81b66c47e6d8f70ce6c4afe7a9196a6ea8,-0.00013032346,1.3052853,0.17054135,0.6871413,1.305155
future-architect__vuls-17ae386d1e185ba742eea4668ca77642e22b54c4,-0.011070621,0.815026,0.1693841,0.6095485,0.8039554
future-architect__vuls-2923cbc645fbc7a37d50398eb2ab8febda8c3264,0.022236548,1.2163199,0.16227841,0.6364891,1.2385565
future-architect__vuls-2c84be80b65d022c262956cd26fc79d8bb2f7010,0.025259031,1.7304853,0.18093114,0.70335275,1.7557443
future-architect__vuls-36456cb151894964ba1683ce7da5c35ada789970,0.033155974,-1.2487824,0.17614278,0.6582294,-1.2156265
future-architect__vuls-407407d306e9431d6aa0ab566baa6e44e5ba2904,0.0772629,2.3236244,0.17534745,0.86215913,2.4008873
future-architect__vuls-436341a4a522dc83eb8bddd1164b764c8dd6bc45,0.06447575,1.3107718,0.1711932,0.7200981,1.3752476
future-architect__vuls-457a3a9627fb9a0800d0aecf1d4713fb634a9011,-0.028145922,1.2766951,0.17657803,0.6335361,1.2485492
future-architect__vuls-4a72295de7b91faa59d90a5bee91535bbe76755d,-0.01920991,1.6510245,0.15299469,0.71098524,1.6318146
future-architect__vuls-4b680b996061044e93ef5977a081661665d3360a,-0.02222617,1.7294611,0.17808051,0.68144417,1.7072349
future-architect__vuls-50580f6e98eeb36f53f27222f7f4fdfea0b21e8d,-0.0007562274,2.3284812,0.16467555,0.9103922,2.327725
future-architect__vuls-54e73c2f5466ef5daec3fb30922b9ac654e4ed25,0.03516946,1.254426,0.16574557,0.5928516,1.2895955
future-architect__vuls-6682232b5c8a9d08c0e9f15bd90d41bff3875adc,0.060082164,0.3013722,0.18872555,0.6613801,0.36145437
future-architect__vuls-73f0adad95c4d227e2ccfa876c85cc95dd065e13,0.025789589,0.07320226,0.18316187,0.6018647,0.09899185
future-architect__vuls-7eb77f5b5127c847481bcf600b4dca2b7a85cf3e,0.04430737,1.2266318,0.16662227,0.66347176,1.2709391
future-architect__vuls-8659668177f1feb65963db7a967347a79c5f9c40,-0.02561092,0.7309124,0.16585737,0.6747424,0.70530146
future-architect__vuls-8d5ea98e50cf616847f4e5a2df300395d1f719e9,0.044705708,2.4116957,0.17813042,0.8888622,2.4564013
future-architect__vuls-999529a05b202b0fd29c6fca5039a4c47a3766bb,0.01163303,1.7203181,0.18104237,0.8463151,1.7319511
future-architect__vuls-9a32a94806b54141b7ff12503c48da680ebcf199,-0.072393,-0.7115785,0.1758483,0.64080244,-0.7839715
future-architect__vuls-9aa0d87a21bede91c2b45c32187456bb69455e92,-0.01496173,0.008889821,0.1715276,0.63206303,-0.0060719084
future-architect__vuls-a76302c11174ca081f656c63a000ffa746e350af,0.034053784,0.77204233,0.15768647,0.5721006,0.80609614
future-architect__vuls-aaea15e516ece43978cf98e09e52080478b1d39f,-0.00037356012,1.208148,0.17722279,0.6323948,1.2077744
future-architect__vuls-abd80417728b16c6502067914d27989ee575f0ee,-0.048159808,2.360394,0.1737935,0.8792408,2.3122342
future-architect__vuls-b8db2e0b74f60cb7d45f710f255e061f054b6afc,0.02083171,-0.86069095,0.1614051,0.6872181,-0.83985925
future-architect__vuls-be7b9114cc9545e68fb0ee7bc63d7ec53d1a00ad,-0.051092755,-0.4159617,0.16563974,0.6243661,-0.46705446
future-architect__vuls-c11ba27509f733d7d280bdf661cbbe2e7a99df4c,0.0044301725,1.6834872,0.16454023,0.720923,1.6879174
future-architect__vuls-cc63a0eccfdd318e67c0a6edeffc7bf09b6025c0,0.038944248,0.37589824,0.17405203,0.65171134,0.4148425
future-architect__vuls-d576b6c6c15e56c47cc3e26f5878867677d4a9ea,-0.022376882,-0.74060297,0.17486955,0.60319644,-0.76297987
future-architect__vuls-dc496468b9e9fb73371f9606cdcdb0f8e12e70ca,-0.023624135,-1.2160364,0.17013939,0.74346405,-1.2396606
future-architect__vuls-e049df50fa1eecdccc5348e27845b5c783ed7c76,0.026697528,0.8355428,0.15794964,0.5791858,0.8622403
future-architect__vuls-e1df74cbc1a1d1889428b3333a3b2405c4651993,0.0293101,-2.4934998,0.17205277,0.9396194,-2.4641898
future-architect__vuls-e3c27e1817d68248043bd09d63cc31f3344a6f2c,0.045128804,2.5022745,0.17398113,0.86353487,2.5474033
future-architect__vuls-e4728e388120b311c4ed469e4f942e0347a2689b,0.049657516,1.1944625,0.17460437,0.6882712,1.24412
future-architect__vuls-e52fa8d6ed1d23e36f2a86e5d3efe9aa057a1b0d,-0.015009531,-1.2560441,0.17905198,0.6502764,-1.2710537
future-architect__vuls-edb324c3d9ec3b107bf947f00e38af99d05b3e16,0.019537257,1.2396109,0.15834357,0.7011866,1.2591481
future-architect__vuls-f0b3a8b1db98eb1bd32685f1c36c41a99c3452ed,0.030054325,-0.029498102,0.17286448,0.566637,0.0005562231
future-architect__vuls-f6509a537660ea2bce0e57958db762edd3a36702,-0.0008966518,1.6903636,0.18459599,0.7396884,1.689467
future-architect__vuls-f6cc8c263dc00329786fa516049c60d4779c4a07,-0.048432816,1.6982832,0.17704934,0.71020865,1.6498504
future-architect__vuls-fe8d252c51114e922e6836055ef86a15f79ad042,0.043245234,0.81710166,0.16407824,0.7419375,0.8603469
gcode-to-text,0.048837595,4.3945217,0.15626799,0.56368,4.4433594
git-leak-recovery,-0.033561014,-2.6114192,0.19144545,0.5447535,-2.6449802
git-multibranch,-0.04340851,-2.0060685,0.15938675,0.45651835,-2.0494769
gravitational__teleport-02d1efb8560a1aa1c72cfb1c08edd8b84a9511b4,-0.013343176,1.7490462,0.17755139,0.6854113,1.735703
gravitational__teleport-0415e422f12454db0c22316cf3eaa5088d6b6322,0.052197386,1.7666637,0.17852162,0.76139826,1.818861
gravitational__teleport-0cb341c926713bdfcbb490c69659a9b101df99eb,-0.014923671,2.3873272,0.17330536,0.9068631,2.3724036
gravitational__teleport-0ecf31de0e98b272a6a2610abe1bbedd379a38a3,0.009216648,0.8251697,0.16112436,0.65733683,0.83438635
gravitational__teleport-10123c046e21e1826098e485a4c2212865a49d9f,0.050125282,2.384479,0.16755581,0.8987403,2.4346044
gravitational__teleport-1a77b7945a022ab86858029d30ac7ad0d5239d00,0.040800646,1.3072176,0.15835807,0.72168803,1.3480183
gravitational__teleport-1b08e7d0dbe68fe530a0f08ad408ec198b7c53fc,0.00026824285,0.7496388,0.17731442,0.6063832,0.749907
gravitational__teleport-24cafecd8721891092210afc55f6413ab46ca211,0.0020075035,0.7069165,0.16172919,0.7495675,0.708924
gravitational__teleport-288c5519ce0dec9622361a5e5d6cd36aa2d9e348,0.0028785288,1.2222637,0.15323381,0.6937131,1.2251422
gravitational__teleport-2be514d3c33b0ae9188e11ac9975485c853d98bb,0.020384904,0.7793349,0.16503394,0.5923275,0.7997198
gravitational__teleport-326fd1d7be87b03998dbc53bc706fdef90f5065c,0.05712836,2.418072,0.16789193,0.852501,2.4752004
gravitational__teleport-32bcd71591c234f0d8b091ec01f1f5cbfdc0f13c,0.09873436,0.4057717,0.17841041,0.63214487,0.50450605
gravitational__teleport-3587cca7840f636489449113969a5066025dd5bf,0.0034065887,1.6871557,0.1693693,0.7582291,1.6905624
gravitational__teleport-37c3724d0d6637e959e39408ee351565d73afe71,0.037597626,0.020758195,0.15538374,0.5610955,0.058355823
gravitational__teleport-3a5c1e26394df2cb4fb3f01147fb9979662972c5,0.022761816,-0.3373117,0.15715463,0.637341,-0.3145499
gravitational__teleport-3ff19cf7c41f396ae468797d3aeb61515517edc9,0.014807577,0.4201937,0.16052204,0.59289855,0.43500128
gravitational__teleport-3ff75e29fb2153a2637fe7f83e49dc04b1c99c9f,0.0331498,1.1990168,0.16502048,0.67776805,1.2321666
gravitational__teleport-46a13210519461c7cec8d643bfbe750265775b41,-0.030042874,1.1997236,0.16579564,0.6185128,1.1696807
gravitational__teleport-47530e1fd8bfb84ec096ebcbbc29990f30829655,0.020339312,3.306858,0.15200816,1.1395481,3.3271973
gravitational__teleport-4f771403dc4177dc26ee0370f7332f3fe54bee0f,-0.008150223,2.3399334,0.18215764,0.9622795,2.331783
gravitational__teleport-53814a2d600ccd74c1e9810a567563432b98386e,-0.02606126,1.1789113,0.16226727,0.66851604,1.15285
gravitational__teleport-59d39dee5a8a66e5b8a18a9085a199d369b1fba8,-0.017880276,1.7092304,0.16567847,0.70953727,1.6913501
gravitational__teleport-629dc432eb191ca479588a8c49205debb83e80e2,-0.05502557,2.3779922,0.16443433,0.850342,2.3229666
gravitational__teleport-645afa051b65d137654fd0d2d878a700152b305a,0.043031264,0.80859137,0.15670997,0.6252008,0.85162264
gravitational__teleport-65438e6e44b6ce51458d09b7bb028a2797cfb0ea,-0.009414891,1.6473583,0.18208522,0.64097774,1.6379434
gravitational__teleport-6a14edcf1ff010172fdbac622d0a474ed6af46de,0.042465597,2.343436,0.16525845,0.82796156,2.3859017
gravitational__teleport-73cc189b0e9636d418c4470ecce0d9af5dae2f02,-0.0010351154,0.47190353,0.18110637,0.5740453,0.4708684
gravitational__teleport-87a593518b6ce94624f6c28516ce38cc30cbea5a,0.05187966,3.3043602,0.15720446,1.1296681,3.3562398
gravitational__teleport-89f0432ad5dc70f1f6a30ec3a8363d548371a718,-0.0016426594,3.2378452,0.15867767,1.0338688,3.2362025
gravitational__teleport-96019ce0be7a2c8e36363f359eb7c943b41dde70,0.047552258,2.4077387,0.15954116,0.8291685,2.455291
gravitational__teleport-a95b3ae0667f9e4b2404bf61f51113e6d83f01cd,0.020591674,2.3501751,0.17329144,0.8846908,2.3707669
gravitational__teleport-ac2fb2f9b4fd1896b554d3011df23d3d71295779,-0.017800834,0.03981327,0.16489619,0.6447355,0.022012435
gravitational__teleport-ad41b3c15414b28a6cec8c25424a19bfa7abd0e9,0.079068705,1.2968957,0.16212928,0.7461761,1.3759644
gravitational__teleport-af5e2517de7d18406b614e413aca61c319312171,0.041330203,2.3702602,0.1626127,0.8123181,2.4115903
gravitational__teleport-b1bcd8b90c474a35bb11cc3ef4cc8941e1f8eab2,0.011497163,0.79265285,0.16167888,0.6026832,0.80415
gravitational__teleport-baeb2697c4e4870c9850ff0cd5c7a2d08e1401c9,-0.00766295,2.3878918,0.14863269,0.8599279,2.3802288
gravitational__teleport-bb69574e02bd62e5ccd3cebb25e1c992641afb2a,0.03675494,1.6739722,0.16362825,0.72935176,1.7107272
gravitational__teleport-c1b1c6a1541c478d7777a48fca993cc8206c73b9,0.04046018,1.1438305,0.16169183,0.70242035,1.1842908
gravitational__teleport-c335534e02de143508ebebc7341021d7f8656e8f,0.07090511,2.4124494,0.17186533,0.80340576,2.4833546
gravitational__teleport-cb712e3f0b06dadc679f895daef8072cae400c26,0.03514947,0.8297698,0.1693916,0.5819956,0.86491925
gravitational__teleport-e6895d8934f6e484341034869901145fbc025e72,0.026357928,0.07366308,0.157842,0.6244259,0.100021005
gravitational__teleport-e6d86299a855687b21970504fbf06f52a8f80c74,0.000876477,1.1523166,0.1668146,0.66483223,1.153193
gravitational__teleport-eefac60a350930e5f295f94a2d55b94c1988c04e,-0.01574528,2.413602,0.17916097,0.83216065,2.397857
hf-model-inference,-0.010199398,-1.5759265,0.15743762,0.42185515,-1.586126
install-windows-3.11,0.09090018,4.699929,0.15969017,0.5301408,4.7908297
internetarchive__openlibrary-00bec1e7c8f3272c469a58e1377df03f955ed478,-0.032007217,-2.557189,0.17288032,0.97130704,-2.5891962
internetarchive__openlibrary-03095f2680f7516fca35a58e665bf2a41f006273,0.096192814,2.337731,0.17078906,0.84086585,2.4339237
internetarchive__openlibrary-08ac40d050a64e1d2646ece4959af0c42bf6b7b5,0.0584829,3.218871,0.18281029,1.1616094,3.277354
internetarchive__openlibrary-09865f5fb549694d969f0a8e49b9d204ef1853ca,-0.056200173,1.7484376,0.16056296,0.72528183,1.6922375
internetarchive__openlibrary-0d13e6b4bf80bced6c0946b969b9a1b6963f6bce,0.008781293,-1.2561184,0.15175034,0.717312,-1.2473371
internetarchive__openlibrary-0dc5b20fa186f9714f8a838178597e69f549d026,0.011619027,1.8233465,0.15309615,0.76058817,1.8349655
internetarchive__openlibrary-111347e9583372e8ef91c82e0612ea437ae3a9c9,-0.008202617,2.4125092,0.18821602,0.841351,2.4043067
internetarchive__openlibrary-123e6e5e1c85b9c07d1e98f70bfc480bc8016890,-0.0061514038,-0.47036985,0.169027,0.6782007,-0.47652125
internetarchive__openlibrary-1351c59fd43689753de1fca32c78d539a116ffc1,0.030230638,0.0932032,0.16595766,0.66144365,0.12343384
internetarchive__openlibrary-1894cb48d6e7fb498295a5d3ed0596f6f603b784,0.03876595,0.82863694,0.16981219,0.64759177,0.8674029
internetarchive__openlibrary-1be7de788a444f6255e89c10ef6aa608550604a8,-0.0064175115,0.78758955,0.15780048,0.69702375,0.78117204
internetarchive__openlibrary-25858f9f0c165df25742acf8309ce909773f0cdd,-0.008769776,0.85484916,0.1586936,0.67143923,0.8460794
internetarchive__openlibrary-2abe28b472ffed563a87cfe83685b161b35263b0,-0.10646653,-1.1951905,0.17566311,0.7384858,-1.3016571
internetarchive__openlibrary-2fe532a33635aab7a9bfea5d977f6a72b280a30c,0.033805422,0.3788254,0.17674382,0.6679978,0.41263083
internetarchive__openlibrary-308a35d6999427c02b1dbf5211c033ad3b352556,0.07315153,1.779956,0.17010887,0.7193209,1.8531075
internetarchive__openlibrary-3aeec6afed9198d734b7ee1293f03ca94ff970e1,-0.027714094,-0.32226515,0.15129557,0.639147,-0.34997925
internetarchive__openlibrary-3c48b4bb782189e0858e6c3fc7956046cf3e1cfb,-0.013086142,-1.232494,0.15584241,0.76396114,-1.2455802
internetarchive__openlibrary-3f580a5f244c299d936d73d9e327ba873b6401d9,-0.022206383,-2.5924761,0.17964716,0.8911463,-2.6146824
internetarchive__openlibrary-3f7db6bbbcc7c418b3db72d157c6aed1d45b2ccf,-0.010143988,2.280351,0.16505912,0.89500403,2.270207
internetarchive__openlibrary-427f1f4eddfc54735ca451779d4f95bf683d1b0e,0.050370608,0.34187597,0.15682638,0.60426104,0.39224657
internetarchive__openlibrary-431442c92887a3aece3f8aa771dd029738a80eb1,0.059693214,0.006101304,0.16318397,0.6093567,0.06579452
internetarchive__openlibrary-43f9e7e0d56a4f1d487533543c17040a029ac501,-0.015589461,0.75363475,0.17283908,0.6879017,0.7380453
internetarchive__openlibrary-4a5d2a7d24c9e4c11d3069220c0685b736d5ecde,0.008255428,-1.8655295,0.17996122,0.7953285,-1.857274
internetarchive__openlibrary-5069b09e5f64428dce59b33455c8bb17fe577070,-0.0068406193,-0.033812497,0.16736588,0.65466815,-0.040653117
internetarchive__openlibrary-53d376b148897466bb86d5accb51912bbbe9a8ed,-0.01588931,2.2951574,0.17819409,0.937184,2.279268
internetarchive__openlibrary-53e02a22972e9253aeded0e1981e6845e1e521fe,0.047386095,1.643983,0.15275946,0.7620264,1.691369
internetarchive__openlibrary-58999808a17a26b387f8237860a7a524d1e2d262,0.020347182,0.49068233,0.16691008,0.62231284,0.51102954
internetarchive__openlibrary-5c6c22f3d2edf2f1b10f5dc335e32cb6a5f40341,0.028437715,1.2657273,0.16693327,0.6840067,1.294165
internetarchive__openlibrary-60725705782832a2cb22e17c49697948a42a9d03,-0.0148870265,0.04127486,0.16199821,0.741184,0.026387833
internetarchive__openlibrary-62d2243131a9c7e6aee00d1e9c5660fd5b594e89,-0.06274038,-0.6865798,0.17933509,0.6578675,-0.7493202
internetarchive__openlibrary-6a117fab6c963b74dc1ba907d838e74f76d34a4b,0.024429997,1.1646273,0.14884442,0.64034545,1.1890574
internetarchive__openlibrary-6afdb09df692223c3a31df65cfa92f15e5614c01,0.02364466,-0.44400012,0.15847275,0.6340727,-0.42035547
internetarchive__openlibrary-6e889f4a733c9f8ce9a9bd2ec6a934413adcedb9,0.0025672412,2.2786725,0.17440645,0.8114804,2.2812397
internetarchive__openlibrary-6fdbbeee4c0a7e976ff3e46fb1d36f4eb110c428,0.02155513,1.7549406,0.16391239,0.80876315,1.7764958
internetarchive__openlibrary-72321288ea790a3ace9e36f1c05b68c93f7eec43,-0.05381115,-0.33629408,0.16419221,0.6779973,-0.39010525
internetarchive__openlibrary-757fcf46c70530739c150c57b37d6375f155dc97,-0.0047479104,0.7050134,0.17388299,0.6718652,0.70026547
internetarchive__openlibrary-798055d1a19b8fa0983153b709f460be97e33064,0.0029187894,1.7952969,0.17602924,0.7781394,1.7982157
internetarchive__openlibrary-798a582540019363d14b2090755cc7b89a350788,0.027397618,1.6583853,0.19564596,0.8095272,1.6857829
internetarchive__openlibrary-7bf3238533070f2d24bafbb26eedf675d51941f6,-1.573487e-05,-0.41040397,0.17964005,0.59555805,-0.4104197
internetarchive__openlibrary-7c8dc180281491ccaa1b4b43518506323750d1e4,0.0201662,2.3705113,0.16846327,0.8081779,2.3906775
internetarchive__openlibrary-7cbfb812ef0e1f9716e2d6e85d538a96fcb79d13,0.04666648,-0.7498407,0.15760453,0.69176376,-0.7031742
internetarchive__openlibrary-7f6b722a10f822171501d027cad60afe53337732,-0.008935196,0.033787616,0.1579896,0.6363357,0.02485242
internetarchive__openlibrary-7f7e53aa4cf74a4f8549a5bcd4810c527e2f6d7e,0.0626272,0.7466551,0.17484288,0.6603519,0.8092823
internetarchive__openlibrary-89e4b4431fe7506c365a6f6eb6f6d048d04c044c,-0.011061761,1.6664102,0.1901428,0.785288,1.6553484
internetarchive__openlibrary-8a5a63af6e0be406aa6c8c9b6d5f28b2f1b6af5a,-0.010996463,-0.41820705,0.16752444,0.6618186,-0.4292035
internetarchive__openlibrary-91efee627df01e32007abf2d6ebf73f9d9053076,-0.010454634,0.42987743,0.15193312,0.61838365,0.4194228
internetarchive__openlibrary-92db3454aeaa02f89b4cdbc3103f7e95c9759f92,-0.024509603,-1.2194881,0.17216548,0.72584546,-1.2439977
internetarchive__openlibrary-9c392b60e2c6fa1d68cb68084b4b4ff04d0cb35c,-0.034442533,-0.059904095,0.16799873,0.59749854,-0.09434663
internetarchive__openlibrary-a48fd6ba9482c527602bc081491d9e8ae6e8226c,-0.019045714,2.2583675,0.16533026,0.8256982,2.2393217
internetarchive__openlibrary-a7b7dc5735a1b3a9824376b1b469b556dd413981,-0.02536181,-0.80277705,0.17366679,0.63080573,-0.8281389
internetarchive__openlibrary-acdddc590d0b3688f8f6386f43709049622a6e19,-0.038239636,1.2956522,0.16383256,0.66065127,1.2574126
internetarchive__openlibrary-b112069e31e0553b2d374abb5f9c5e05e8f3dbbe,0.022644289,-1.885572,0.18442109,0.8591429,-1.8629277
internetarchive__openlibrary-b4f7c185ae5f1824ac7f3a18e8adf6a4b468459c,-0.020524299,-0.30565858,0.149972,0.6168142,-0.32618287
internetarchive__openlibrary-ba3abfb6af6e722185d3715929ab0f3e5a134eed,0.03315467,0.024563726,0.17362122,0.54417145,0.057718396
internetarchive__openlibrary-bdba0af0f6cbaca8b5fc3be2a3080f38156d9c92,-0.056166474,-0.33240968,0.17337337,0.636331,-0.38857615
internetarchive__openlibrary-c05ccf2cd8baa81609434e0e35c4a63bc0da5a25,0.01244854,1.2916149,0.14939333,0.6761752,1.3040634
internetarchive__openlibrary-c12943be1db80cf1114bc267ddf4f9933aca9b28,-0.012231209,-0.35321406,0.1681403,0.6125412,-0.36544526
internetarchive__openlibrary-c4eebe6677acc4629cb541a98d5e91311444f5d4,-0.027220882,-0.45474625,0.17046192,0.6524905,-0.48196712
internetarchive__openlibrary-c506c1b0b678892af5cb22c1c1dbc35d96787a0a,-0.06113898,-0.47329703,0.15752724,0.56458664,-0.534436
internetarchive__openlibrary-d109cc7e6e161170391f98f9a6fa1d02534c18e4,-0.033085473,1.2042558,0.16501696,0.702068,1.1711704
internetarchive__openlibrary-d8162c226a9d576f094dc1830c4c1ffd0be2dd17,-0.012966053,-0.32628408,0.17689323,0.66015404,-0.33925015
internetarchive__openlibrary-de6ae10512f1b5ef585c8341b451bc49c9fd4996,-0.0030058327,-2.3413506,0.15565458,1.0131034,-2.3443563
internetarchive__openlibrary-e010b2a13697de70170033902ba2e27a1e1acbe9,-0.05256549,-1.7625172,0.16561747,0.7746357,-1.8150827
internetarchive__openlibrary-e390c1212055dd84a262a798e53487e771d3fb64,-0.025065567,-0.026749404,0.1698285,0.6170221,-0.051814973
internetarchive__openlibrary-e8084193a895d8ee81200f49093389a3887479ce,-0.027395416,0.42765787,0.16779198,0.5774987,0.40026245
internetarchive__openlibrary-f0341c0ba81c790241b782f5103ce5c9a6edf8e3,0.025220074,0.36026466,0.17159009,0.6767988,0.38548473
internetarchive__openlibrary-f343c08f89c772f7ba6c0246f384b9e6c3dc0add,0.00057771034,2.3699598,0.17050074,0.8154204,2.3705375
internetarchive__openlibrary-f3b26c2c0721f8713353fe4b341230332e30008d,-0.004183146,0.38164952,0.15583639,0.708995,0.37746638
internetarchive__openlibrary-fad4a40acf5ff5f06cd7441a5c7baf41a7d81fe4,0.00957828,-0.694258,0.1700857,0.6508392,-0.6846797
internetarchive__openlibrary-fdbc0d8f418333c7e575c40b661b582c301ef7ac,-0.0059591457,0.87889266,0.15387209,0.5425111,0.8729335
kv-store-grpc,-0.007517759,0.5142209,0.15937474,0.2732883,0.50670314
large-scale-text-editing,0.016018009,-0.41046047,0.15066117,0.30991814,-0.39444247
largest-eigenval,0.01158607,0.83792657,0.16305451,0.30523488,0.84951264
llm-inference-batching-scheduler,-0.0134686,1.4367679,0.1596743,0.2903356,1.4232993
log-summary-date-ranges,-0.06174186,-0.67015415,0.14950778,0.34075117,-0.73189604
mailman,-0.052632827,0.11588649,0.1538773,0.2910943,0.063253656
make-mips-interpreter,0.0666112,3.8199043,0.14335896,0.3922321,3.8865156
matplotlib__matplotlib-13989,0.0030290887,-1.2879648,0.165978,0.40513238,-1.2849357
matplotlib__matplotlib-14623,-0.0005048619,0.6307925,0.15951505,0.39159474,0.63028765
matplotlib__matplotlib-20488,-0.029638762,1.2890639,0.18667048,0.42546293,1.2594252
matplotlib__matplotlib-20676,0.021039467,1.8680209,0.1708194,0.45330116,1.8890604
matplotlib__matplotlib-20826,0.008986936,1.7142385,0.16884175,0.45880777,1.7232255
matplotlib__matplotlib-20859,0.057873607,-1.002613,0.16628931,0.42697853,-0.94473934
matplotlib__matplotlib-22719,0.0021259806,-2.7843728,0.13599318,0.47304964,-2.7822468
matplotlib__matplotlib-22865,0.014520824,1.5695499,0.15491079,0.4419992,1.5840707
matplotlib__matplotlib-22871,0.0030335214,1.325348,0.15763807,0.45618173,1.3283815
matplotlib__matplotlib-23314,0.01632371,-1.0177926,0.16018192,0.38119766,-1.0014689
matplotlib__matplotlib-23412,0.009127355,-1.9739969,0.16039462,0.43809426,-1.9648695
matplotlib__matplotlib-24026,0.015428932,-2.1328676,0.15857345,0.403686,-2.1174386
matplotlib__matplotlib-24149,-0.00088517606,-1.7862747,0.13923177,0.40303257,-1.7871598
matplotlib__matplotlib-24177,-0.0239424,2.765915,0.16169815,0.581144,2.7419724
matplotlib__matplotlib-24570,-0.016033642,-0.84209913,0.15931615,0.41578636,-0.8581328
matplotlib__matplotlib-24627,0.010770045,-0.25462785,0.16313045,0.35459056,-0.2438578
matplotlib__matplotlib-24637,0.03807228,-0.7180013,0.16189206,0.41909915,-0.679929
matplotlib__matplotlib-24970,-0.029527726,-1.7715343,0.16774695,0.42631438,-1.8010621
matplotlib__matplotlib-25122,0.028456552,-2.5517085,0.16714302,0.4709382,-2.523252
matplotlib__matplotlib-25287,0.0038687736,-2.1729503,0.14652964,0.43118405,-2.1690814
matplotlib__matplotlib-25311,0.071178965,-0.39987314,0.15594746,0.41684234,-0.32869416
matplotlib__matplotlib-25332,0.008880555,0.2448682,0.14048617,0.40187252,0.25374874
matplotlib__matplotlib-25775,0.04371296,0.601647,0.16708922,0.3868537,0.64536
matplotlib__matplotlib-25960,0.01007491,3.63425,0.14875714,0.8035072,3.6443248
matplotlib__matplotlib-26113,-0.078934334,-2.1815815,0.16822171,0.4298878,-2.260516
matplotlib__matplotlib-26208,0.054482624,3.646274,0.18226984,0.7034579,3.7007568
matplotlib__matplotlib-26291,-0.019913131,-0.8294661,0.16318317,0.4091988,-0.84937924
matplotlib__matplotlib-26342,0.017195504,-1.2665768,0.17391033,0.41683677,-1.2493813
mcmc-sampling-stan,-0.022931296,-0.49872717,0.16132976,0.34239602,-0.5216585
merge-diff-arc-agi-task,0.0002518049,-1.4002061,0.16475171,0.34192973,-1.3999543
model-extraction-relu-logits,0.049183242,1.7563632,0.15050757,0.24879812,1.8055464
modernize-scientific-stack,-0.0008457474,-3.8748577,0.16979283,0.68674237,-3.8757033
mteb-leaderboard,0.031051805,3.2042403,0.15629527,0.3875396,3.2352922
mteb-retrieve,-0.005551609,3.7434196,0.16245872,0.39697635,3.737868
multi-source-data-merger,-0.08982365,-3.8885674,0.17339471,0.771529,-3.9783912
mwaskom__seaborn-3069,-0.003747433,0.98138297,0.16006884,0.36563247,0.97763556
mwaskom__seaborn-3187,-0.023107057,2.6241071,0.17144014,0.6377757,2.601
navidrome__navidrome-0130c6dc13438b48cf0fdfab08a89e357b5517c9,-0.0045208125,2.3129942,0.17887822,0.79176414,2.3084733
navidrome__navidrome-09ae41a2da66264c60ef307882362d2e2d8d8b89,0.0051966957,0.36659983,0.15831505,0.60535836,0.37179652
navidrome__navidrome-0a650de357babdcc8ce910fe37fee84acf4ed2fe,0.029827947,0.2922206,0.16645643,0.61509675,0.32204854
navidrome__navidrome-10108c63c9b5bdf2966ffb3239bbfd89683e37b7,0.006266728,1.7955241,0.17523235,0.6972734,1.8017908
navidrome__navidrome-1e96b858a91c640fe64e84c5e5ad8cc0954ea38d,-0.0027430814,1.7938641,0.16257054,0.7416274,1.791121
navidrome__navidrome-23bebe4e06124becf1000e88472ae71a6ca7de4c,-0.020137457,1.2442745,0.16398688,0.609353,1.2241371
navidrome__navidrome-29b7b740ce469201af0a0510f3024adc93ef4c8e,-0.023392232,-2.4301174,0.18342443,0.85073125,-2.4535096
navidrome__navidrome-29bc17acd71596ae92131aca728716baf5af9906,-0.0040794057,-0.34807575,0.16896991,0.66594696,-0.35215515
navidrome__navidrome-31799662706fedddf5bcc1a76b50409d1f91d327,-0.03213244,0.80464053,0.15933053,0.6794859,0.7725081
navidrome__navidrome-3977ef6e0f287f598b6e4009876239d6f13b686d,-0.06464088,-0.7965063,0.17231286,0.6429293,-0.86114717
navidrome__navidrome-3bc9e75b2843f91f6a1e9b604e321c2bd4fd442a,-0.014869867,-1.8028804,0.15099838,0.80271906,-1.8177502
navidrome__navidrome-3f2d24695e9382125dfe5e6d6c8bbeb4a313a4f9,0.018796694,0.39598587,0.17561303,0.62308586,0.41478255
navidrome__navidrome-5001518260732e36d9a42fb8d4c054b28afab310,0.007157639,1.2441162,0.1638101,0.6824962,1.2512739
navidrome__navidrome-56303cde23a4122d2447cbb266f942601a78d7e4,0.0242993,1.1895748,0.16399227,0.6277766,1.2138741
navidrome__navidrome-5e549255201e622c911621a7b770477b1f5a89be,0.06660163,1.7265898,0.16330363,0.73374414,1.7931914
navidrome__navidrome-669c8f4c49a7ef51ac9a53c725097943f67219eb,-0.029662022,-1.2656804,0.18316369,0.7128563,-1.2953424
navidrome__navidrome-66b74c81f115c78cb69910b0472eeb376750efc4,0.02333923,1.2523274,0.17815721,0.6519861,1.2756667
navidrome__navidrome-677d9947f302c9f7bba8c08c788c3dc99f235f39,0.039854985,0.30807087,0.16303629,0.6446975,0.34792584
navidrome__navidrome-6bd4c0f6bfa653e9b8b27cfdc2955762d371d6e9,0.027461356,3.495498,0.15691023,1.0988443,3.5229592
navidrome__navidrome-6c6223f2f9db2c8c253e0d40a192e3519c9037d1,-0.009501214,2.4492748,0.16458037,0.8155781,2.4397736
navidrome__navidrome-812dc2090f20ac4f8ac271b6ed95be5889d1a3ca,0.021130776,1.7399381,0.15102053,0.7106902,1.7610689
navidrome__navidrome-8383527aaba1ae8fa9765e995a71a86c129ef626,0.029674074,0.7998907,0.15648781,0.67157453,0.82956475
navidrome__navidrome-87d4db7638b37eeb754b217440ab7a372f669205,-0.0043332414,2.2998726,0.16631146,0.85019094,2.2955394
navidrome__navidrome-8e640bb8580affb7e0ea6225c0bbe240186b6b08,-0.010407463,-0.34817496,0.15826012,0.6468171,-0.35858244
navidrome__navidrome-bf2bcb12799b21069f137749e0c331f761d1f693,0.0053399256,0.035359558,0.15864983,0.67674387,0.040699482
navidrome__navidrome-d5df102f9f97c21715c756069c9e141da2a422dc,-0.0007877207,2.2273111,0.18553634,0.80963814,2.2265234
navidrome__navidrome-d613b1930688422122796b43acb3caf2538c8fd1,0.010958019,-1.7454138,0.16360684,0.757703,-1.7344557
navidrome__navidrome-de90152a7173039677ac808f5bfb1e644d761336,-0.034110673,-0.8097343,0.16777338,0.68186843,-0.84384495
navidrome__navidrome-e12a14a87d392ac70ee4cc8079e3c3e0103dbcb2,-0.030424206,2.4499185,0.17401081,0.7812468,2.4194944
navidrome__navidrome-ee21f3957e0de91624427e93c62b8ee390de72e3,0.013378612,0.48828074,0.15327229,0.64561856,0.50165933
navidrome__navidrome-f7d4fcdcc1a59d1b4f835519efb402897757e371,0.00038891812,-0.030013572,0.16893782,0.56221044,-0.029624654
nginx-request-logging,-0.008804512,-3.0358932,0.18617116,0.51986724,-3.0446978
openssl-selfsigned-cert,-0.011207244,-1.3626862,0.1578506,0.39392304,-1.3738934
overfull-hbox,0.010332776,1.0563158,0.13991213,0.291106,1.0666486
pallets__flask-5014,-0.05893013,-3.3178275,0.16572699,0.5284489,-3.3767576
password-recovery,-0.013677849,0.9080253,0.14884233,0.26766074,0.8943475
path-tracing,0.009591547,2.7099102,0.16078988,0.36081704,2.7195017
path-tracing-reverse,-0.012539658,3.0598936,0.15492369,0.34493953,3.047354
polyglot-c-py,0.03886543,3.3265643,0.1662184,0.38370767,3.3654296
polyglot-rust-c,0.06460431,3.7085807,0.16211313,0.4003038,3.773185
portfolio-optimization,-0.026076058,-2.6997926,0.1850208,0.4983558,-2.7258687
protein-assembly,-0.019208562,2.5068243,0.14970422,0.31971318,2.4876156
protonmail__webclients-01b519cd49e6a24d9a05d2eb97f54e420740072e,-0.057431847,0.05220882,0.15666015,0.7084119,-0.0052230284
protonmail__webclients-0200ce0fc1d4dbd35178c10d440a284c82ecc858,0.018232428,-1.3484457,0.15732543,0.73990905,-1.3302132
protonmail__webclients-0d0267c4438cf378bda90bc85eed3a3615871ac4,0.0118468115,0.0041835518,0.15647435,0.6626881,0.016030364
protonmail__webclients-1501eb765873b2884b6f1944fd242ecfc9d6b103,0.039300267,-1.3588135,0.17126511,0.6536564,-1.3195132
protonmail__webclients-2c3559cad02d1090985dba7e8eb5a129144d9811,0.08421486,0.3078068,0.17064108,0.68273616,0.39202166
protonmail__webclients-32ff10999a06455cb2147f6873d627456924ae13,0.014444358,0.07288068,0.1619547,0.7203885,0.08732504
protonmail__webclients-3a6790f480309130b5d6332dce6c9d5ccca13ee3,0.034101292,-0.34304458,0.15122336,0.6291635,-0.30894327
protonmail__webclients-3f22e2172cbdfd7b9abb2b1d8fd80c16d38b4bbe,-0.0049324334,0.09804242,0.18759117,0.66372156,0.09310999
protonmail__webclients-428cd033fede5fd6ae9dbc7ab634e010b10e4209,0.03917816,2.434441,0.17741455,0.85652035,2.4736192
protonmail__webclients-4817fe14e1356789c90165c2a53f6a043c2c5f83,-0.06069157,2.374829,0.15936545,0.85339713,2.3141375
protonmail__webclients-4feccbc9990980aee26ea29035f8f931d6089895,0.049592447,0.84675354,0.19269548,0.69405365,0.896346
protonmail__webclients-51742625834d3bd0d10fe0c7e76b8739a59c6b9f,0.00048325094,1.6830364,0.16634536,0.7395056,1.6835197
protonmail__webclients-5d2576632037d655c3b6a28e98cd157f7e9a5ce1,-0.08227011,-0.0017284314,0.16288035,0.64040786,-0.08399854
protonmail__webclients-5e815cfa518b223a088fa9bb232a5fc90ab15691,0.022249311,2.3035576,0.16305238,0.83304876,2.3258069
protonmail__webclients-6dcf0d0b0f7965ad94be3f84971afeb437f25b02,-0.02287992,0.75403965,0.15500955,0.6641265,0.73115975
protonmail__webclients-6f8916fbadf1d1f4a26640f53b5cf7f55e8bedb7,-0.04707234,-0.37795722,0.16882485,0.75170153,-0.42502958
protonmail__webclients-708ed4a299711f0fa79a907cc5847cfd39c0fc71,-0.0025736135,-1.3483517,0.15738574,0.6874758,-1.3509253
protonmail__webclients-7b833df125859e5eb98a826e5b83efe0f93a347b,0.018500036,0.0072514564,0.17326903,0.56903315,0.025751492
protonmail__webclients-7e54526774e577c0ebb58ced7ba8bef349a69fec,0.030159643,0.36535117,0.15713637,0.6245091,0.39551082
protonmail__webclients-8142704f447df6e108d53cab25451c8a94976b92,-0.010272378,1.6640177,0.1619084,0.6811979,1.6537453
protonmail__webclients-815695401137dac2975400fc610149a16db8214b,0.025942216,-1.2348504,0.13996832,0.70750713,-1.2089082
protonmail__webclients-8afd9ce04c8dde9e150e1c2b50d32e7ee2efa3e7,0.007863076,-0.80184495,0.17943348,0.640842,-0.79398185
protonmail__webclients-8be4f6cb9380fcd2e67bcb18cef931ae0d4b869c,0.023123637,0.80852914,0.16611482,0.62545973,0.83165276
protonmail__webclients-ac23d1efa1a6ab7e62724779317ba44c28d78cfd,0.016449159,0.7881022,0.17870449,0.6366797,0.80455136
protonmail__webclients-b387b24147e4b5ec3b482b8719ea72bee001462a,0.013083576,1.6544667,0.15303792,0.69245476,1.6675503
protonmail__webclients-b530a3db50cb33e5064464addbcbef1465856ce6,0.03454833,2.33711,0.16597657,0.95260817,2.3716583
protonmail__webclients-b9387af4cdf79c2cb2a221dea33d665ef789512e,-0.031301096,2.3432271,0.15528663,0.81376684,2.3119261
protonmail__webclients-bf2e89c0c488ae1a87d503e5b09fe9dd2f2a635f,0.017403143,0.027841482,0.17075688,0.58399546,0.045244627
protonmail__webclients-c5a2089ca2bfe9aa1d85a664b8ad87ef843a1c9c,0.0015348454,3.4336832,0.15750828,1.0016762,3.435218
protonmail__webclients-c8117f446c3d1d7e117adc6e0e46b0ece9b0b90e,-0.050373707,-1.2263929,0.16796428,0.69541574,-1.2767665
protonmail__webclients-cb8cc309c6968b0a2a5fe4288d0ae0a969ff31e1,-0.034127302,2.2977872,0.16759893,0.9084,2.26366
protonmail__webclients-cba6ebbd0707caa524ffee51c62b197f6122c902,-0.043927535,2.4312544,0.17470661,0.8153323,2.387327
protonmail__webclients-d3e513044d299d04e509bf8c0f4e73d812030246,0.008258127,-0.37931108,0.17440814,0.6025169,-0.37105295
protonmail__webclients-d494a66038112b239a381f49b3914caf8d2ef3b4,0.0453975,1.1728309,0.17302938,0.64115864,1.2182285
protonmail__webclients-da91f084c0f532d9cc8ca385a701274d598057b8,-0.012656206,2.3854945,0.1764557,0.96591336,2.3728383
protonmail__webclients-df60460f163fd5c34e844ab9015e3176f1ab1ac0,0.006915431,0.7830355,0.16236663,0.56367135,0.78995097
protonmail__webclients-dfe5604193d63bfcb91ce60d62db2f805c43bf11,-0.0070275213,0.3321926,0.16949114,0.674189,0.3251651
protonmail__webclients-e9677f6c46d5ea7d277a4532a4bf90074f125f31,-0.03611458,0.41439703,0.17331778,0.5946193,0.37828246
protonmail__webclients-f080ffc38e2ad7bddf2e93e5193e82c20c7a11e7,0.03172007,2.2816412,0.1661152,0.81485385,2.3133614
protonmail__webclients-f161c10cf7d31abf82e8d64d7a99c9fac5acfa18,-0.0033316812,-0.80439544,0.16917102,0.67742604,-0.8077271
protonmail__webclients-fc9d535e9beb3ae30a52a7146398cadfd6e30606,0.032590207,0.79397637,0.16810499,0.6394465,0.8265666
prove-plus-comm,-0.025925772,-3.8423715,0.18677849,0.6790279,-3.8682973
psf__requests-1142,-0.005076478,0.20693727,0.16388533,0.42426756,0.20186079
psf__requests-1724,0.030184718,-1.0708358,0.1509456,0.3577919,-1.0406511
psf__requests-1766,-0.045202978,-1.9473009,0.15850872,0.448283,-1.9925039
psf__requests-1921,0.03193562,-0.5397873,0.15562323,0.36442646,-0.50785166
psf__requests-2317,0.063781425,-1.0352441,0.15072545,0.3811964,-0.97146267
psf__requests-2931,-0.0063633244,0.6038667,0.17055172,0.42195877,0.59750336
psf__requests-5414,-0.0377889,0.017852176,0.15556951,0.38849536,-0.019936725
pydata__xarray-2905,-0.0024254895,-1.0360832,0.16431214,0.38760427,-1.0385087
pydata__xarray-3095,-0.0013044283,-0.5408489,0.1550172,0.39050555,-0.54215336
pydata__xarray-3151,-0.012793364,-1.5944318,0.16302057,0.42057598,-1.6072252
pydata__xarray-3305,-0.035131223,-1.6147947,0.16206104,0.41101864,-1.649926
pydata__xarray-3677,-0.034972906,-2.6258311,0.17946026,0.5139332,-2.660804
pydata__xarray-3993,-0.00087416405,0.6631724,0.1454262,0.4481628,0.66229826
pydata__xarray-4075,-0.008737272,-3.4482427,0.18165618,0.5704675,-3.45698
pydata__xarray-4094,0.0024475441,-0.08947573,0.14846055,0.35862002,-0.08702818
pydata__xarray-4356,-0.07042837,-2.1731188,0.15923731,0.48934323,-2.2435472
pydata__xarray-4629,0.023904901,-3.7835882,0.15533648,0.6144266,-3.7596834
pydata__xarray-4687,0.005817254,1.4480336,0.17875403,0.47291917,1.4538509
pydata__xarray-4695,0.01100898,0.8730763,0.16744548,0.4100335,0.8840853
pydata__xarray-4966,0.031876158,-2.149383,0.1613173,0.42722994,-2.117507
pydata__xarray-6461,-0.020333175,-1.2767416,0.16433491,0.40163773,-1.2970748
pydata__xarray-6599,-0.025907045,1.2646581,0.16990018,0.3880023,1.238751
pydata__xarray-6721,-0.009363114,-0.009632492,0.15230033,0.39428657,-0.018995605
pydata__xarray-6744,0.0154483495,0.46996766,0.15767461,0.4046109,0.48541602
pydata__xarray-6938,0.030485911,3.177425,0.15137446,0.63608545,3.2079108
pydata__xarray-7233,0.025319379,-1.6615076,0.15195636,0.42721373,-1.6361883
pydata__xarray-7393,-0.0012672554,-0.37521356,0.15388443,0.43608478,-0.37648082
pylint-dev__pylint-4970,-0.028133892,2.7713761,0.18260849,0.5278939,2.7432423
pylint-dev__pylint-6386,0.0046221344,1.4965255,0.17810917,0.4645584,1.5011476
pylint-dev__pylint-6528,0.045480322,0.01983222,0.14930157,0.37406948,0.06531254
pylint-dev__pylint-6903,-0.0055093924,-4.5708365,0.18541968,0.6665728,-4.576346
pylint-dev__pylint-7080,0.017833011,3.089382,0.17694722,0.68315834,3.107215
pylint-dev__pylint-7277,-0.004671574,-1.9702406,0.17625071,0.39504844,-1.9749122
pylint-dev__pylint-8898,0.050733734,2.8012145,0.158085,0.5886004,2.8519483
pypi-server,0.00070255145,-1.4964925,0.15142243,0.39117405,-1.49579
pytest-dev__pytest-10051,-0.007314653,0.9494711,0.17404671,0.44013453,0.94215643
pytest-dev__pytest-10081,0.029474443,-0.9953729,0.1387411,0.36235797,-0.96589845
pytest-dev__pytest-5262,0.011170011,-1.224917,0.179213,0.36445367,-1.213747
pytest-dev__pytest-5631,0.036465168,-1.0920726,0.1722398,0.41022143,-1.0556074
pytest-dev__pytest-5787,-0.032625347,1.4948272,0.18584108,0.48451105,1.4622018
pytest-dev__pytest-5809,-0.056686968,-4.5179133,0.1627868,0.58230615,-4.5746
pytest-dev__pytest-5840,0.032583706,3.6889832,0.17341194,0.7587867,3.721567
pytest-dev__pytest-6197,0.06095115,2.5388055,0.18059948,0.54205257,2.5997567
pytest-dev__pytest-6202,-0.022720195,-4.2392673,0.1559184,0.60769624,-4.2619877
pytest-dev__pytest-7205,0.012153351,-1.2405186,0.144813,0.3616382,-1.2283652
pytest-dev__pytest-7236,-0.032147396,-0.35662344,0.15236594,0.41140744,-0.38877085
pytest-dev__pytest-7324,-0.00975867,0.9615155,0.15852843,0.42127037,0.95175683
pytest-dev__pytest-7432,-0.0035764847,-0.6414326,0.15168224,0.45220068,-0.64500904
pytest-dev__pytest-7490,-0.0261577,0.79936653,0.15548767,0.39507824,0.77320886
pytest-dev__pytest-7521,-0.020821482,-0.616658,0.16213576,0.40523815,-0.6374794
pytest-dev__pytest-7571,-0.05920781,-1.9620074,0.16833273,0.44406697,-2.0212152
pytest-dev__pytest-7982,-0.052690163,-2.807445,0.16756786,0.48400167,-2.8601353
pytest-dev__pytest-8399,-0.038136102,-3.583316,0.15997489,0.5692746,-3.621452
pytorch-model-cli,0.014164438,0.022275383,0.14392175,0.29573977,0.03643982
pytorch-model-recovery,0.014368681,0.11350448,0.15364547,0.31382465,0.12787315
qemu-alpine-ssh,0.025318632,1.4445691,0.1528139,0.26761532,1.4698877
qemu-startup,-0.05351878,-1.8477414,0.17713438,0.4384863,-1.9012601
query-optimize,-0.014435937,0.49275583,0.16633683,0.31025895,0.47831988
qutebrowser__qutebrowser-01d1d1494411380d97cac14614a829d3a69cecaf,0.026094439,0.41377217,0.16887113,0.6329945,0.4398666
qutebrowser__qutebrowser-0833b5f6f140d04200ec91605f88704dd18e2970,-0.06211064,-0.8017581,0.1566748,0.6832474,-0.8638688
qutebrowser__qutebrowser-0aa57e4f7243024fa4bba8853306691b5dbd77b3,0.010242545,1.1619246,0.1667351,0.6596916,1.1721672
qutebrowser__qutebrowser-0b621cb0ce2b54d3f93d8d41d8ff4257888a87e5,0.030309852,0.008821087,0.16547763,0.6199899,0.03913094
qutebrowser__qutebrowser-0d2afd58f3d0e34af21cee7d8a3fc9d855594e9f,-0.018140858,-0.40366554,0.1705148,0.64813375,-0.4218064
qutebrowser__qutebrowser-0fc6d1109d041c69a68a896db87cf1b8c194cef7,-0.051304918,0.8251965,0.15388289,0.6391261,0.77389157
qutebrowser__qutebrowser-1943fa072ec3df5a87e18a23b0916f134c131016,-0.026517417,-1.8270587,0.18052582,0.8475154,-1.8535761
qutebrowser__qutebrowser-1a9e74bfaf9a9db2a510dc14572d33ded6040a57,-0.01735663,-0.43078554,0.14871632,0.617501,-0.44814217
qutebrowser__qutebrowser-1af602b258b97aaba69d2585ed499d95e2303ac2,-0.030213973,-1.1979699,0.1882086,0.6800936,-1.2281839
qutebrowser__qutebrowser-233cb1cc48635130e5602549856a6fa4ab4c087f,0.04975974,1.2319318,0.16858901,0.70362407,1.2816916
qutebrowser__qutebrowser-2dd8966fdcf11972062c540b7a787e4d0de8d372,-0.046582956,0.43394896,0.17370778,0.61213964,0.387366
qutebrowser__qutebrowser-2e961080a85d660148937ee8f0f6b3445a8f2c01,-0.025325157,0.4243987,0.16368324,0.63782555,0.39907354
qutebrowser__qutebrowser-322834d0e6bf17e5661145c9f085b41215c280e8,0.018933475,2.2887628,0.18760683,0.82355225,2.3076963
qutebrowser__qutebrowser-34a13afd36b5e529d553892b1cd8b9d5ce8881c4,0.0007807928,-2.5931313,0.15937568,0.80861086,-2.5923505
qutebrowser__qutebrowser-35168ade46184d7e5b91dfa04ca42fe2abd82717,-0.011674378,0.80167466,0.1832635,0.6410571,0.79000026
qutebrowser__qutebrowser-3d01c201b8aa54dd71d4f801b1dd12feb4c0a08a,-0.01708275,0.06908083,0.16633373,0.68409234,0.05199808
qutebrowser__qutebrowser-3fd8e12949b8feda401930574facf09dd4180bba,-0.04527347,-1.9429947,0.16043264,0.8413771,-1.9882681
qutebrowser__qutebrowser-44e64199ed38003253f0296badd4a447645067b6,-0.016480187,-1.8344501,0.15672438,0.76500976,-1.8509303
qutebrowser__qutebrowser-46e6839e21d9ff72abb6c5d49d5abaa5a8da8a81,0.07519834,-0.39402735,0.15965115,0.64022934,-0.318829
qutebrowser__qutebrowser-479aa075ac79dc975e2e949e188a328e95bf78ff,0.005006669,-0.021915322,0.16406377,0.6458367,-0.016908653
qutebrowser__qutebrowser-50efac08f623644a85441bbe02ab9347d2b71a9d,-0.013809408,-2.4702158,0.18934168,0.9200243,-2.4840252
qutebrowser__qutebrowser-52708364b5f91e198defb022d1a5b4b3ebd9b563,0.020131778,0.026425395,0.15016232,0.63415796,0.046557173
qutebrowser__qutebrowser-54bcdc1eefa86cc20790973d6997b60c3bba884c,-0.0036160147,-1.8148335,0.14687538,0.6956437,-1.8184495
qutebrowser__qutebrowser-5cef49ff3074f9eab1da6937a141a39a20828502,0.0071435524,0.05421893,0.15595405,0.61858046,0.061362483
qutebrowser__qutebrowser-5e0d6dc1483cb3336ea0e3dcbd4fe4aa00fc1742,-0.03811821,-0.8244783,0.16060469,0.6390725,-0.8625965
qutebrowser__qutebrowser-5fdc83e5da6222fe61163395baaad7ae57fa2cb4,-0.014450887,-1.2555087,0.1767062,0.7271389,-1.2699596
qutebrowser__qutebrowser-66cfa15c372fa9e613ea5a82d3b03e4609399fb6,0.028213058,0.44882384,0.17134209,0.6409858,0.4770369
qutebrowser__qutebrowser-6b320dc18662580e1313d2548fdd6231d2a97e6d,-0.00478888,0.3580901,0.16713531,0.602339,0.35330123
qutebrowser__qutebrowser-6dd402c0d0f7665d32a74c43c5b4cf5dc8aff28d,-0.02969071,0.33614746,0.16410716,0.6698433,0.30645674
qutebrowser__qutebrowser-77c3557995704a683cdb67e2a3055f7547fa22c3,0.052616015,2.3240216,0.1815722,0.84440136,2.3766377
qutebrowser__qutebrowser-7b603dd6bf195e3e723ce08ff64a82b406e3f6b6,0.057864424,-1.174605,0.15940666,0.7511969,-1.1167406
qutebrowser__qutebrowser-7f9713b20f623fc40473b7167a082d6db0f0fd40,-0.019040007,2.3275645,0.1704031,0.93753505,2.3085244
qutebrowser__qutebrowser-85b867fe8d4378c8e371f055c70452f546055854,0.0663711,-0.32736725,0.16386169,0.6659819,-0.26099616
qutebrowser__qutebrowser-8cd06741bb56cdca49f5cdc0542da97681154315,-0.0039352877,1.2347856,0.1733091,0.68931264,1.2308502
qutebrowser__qutebrowser-8d05f0282a271bfd45e614238bd1b555c58b3fc1,-0.041148737,-0.88700515,0.15442671,0.67839235,-0.9281539
qutebrowser__qutebrowser-8f46ba3f6dc7b18375f7aa63c48a1fe461190430,-0.09503942,-3.6720045,0.17346655,1.0373513,-3.7670438
qutebrowser__qutebrowser-96b997802e942937e81d2b8a32d08f00d3f4bc4e,-0.028087234,-1.846143,0.1865519,0.7519257,-1.8742303
qutebrowser__qutebrowser-99029144b5109bb1b2a53964a7c129e009980cd9,-0.024837825,-0.4517432,0.16951118,0.65690535,-0.476581
qutebrowser__qutebrowser-996487c43e4fcc265b541f9eca1e7930e3c5cf05,-0.040481016,-1.3555152,0.15979974,0.66262984,-1.3959962
qutebrowser__qutebrowser-9ed748effa8f3bcd804612d9291da017b514e12f,-0.010072155,2.4425123,0.16527767,0.84786063,2.43244
qutebrowser__qutebrowser-a25e8a09873838ca9efefd36ea8a45170bbeb95c,0.08091596,2.4130793,0.17388444,0.96705043,2.4939952
qutebrowser__qutebrowser-a84ecfb80a00f8ab7e341372560458e3f9cfffa2,0.016037516,-1.2089524,0.16198532,0.7723223,-1.192915
qutebrowser__qutebrowser-bedc9f7fadf93f83d8dee95feeecb9922b6f063f,-0.019712174,-1.1949878,0.15657674,0.7349602,-1.2147
qutebrowser__qutebrowser-bf045f7ec7c27709ea3ef61cf41a24e8fdd2e7da,0.012032923,-0.32005474,0.15124717,0.63313216,-0.3080218
qutebrowser__qutebrowser-c09e1439f145c66ee3af574386e277dd2388d094,0.022352885,0.38608238,0.17791794,0.7030794,0.40843526
qutebrowser__qutebrowser-c0be28ebee3e1837aaf3f30ec534ccd6d038f129,-0.026535442,1.2190801,0.15811138,0.6469056,1.1925447
qutebrowser__qutebrowser-c580ebf0801e5a3ecabc54f327498bb753c6d5f2,-0.02967573,-0.8339971,0.15483043,0.67907554,-0.8636728
qutebrowser__qutebrowser-cc360cd4a34a126274c7b51f3b63afbaf3e05a02,0.07121326,0.41994798,0.18276152,0.62937737,0.49116123
qutebrowser__qutebrowser-cf06f4e3708f886032d4d2a30108c2fddb042d81,-0.015072224,0.41727754,0.15292737,0.6476754,0.40220532
qutebrowser__qutebrowser-de4a1c1a2839b5b49c3d4ce21d39de48d24e2091,-0.018639188,-0.38385406,0.1672469,0.72359693,-0.40249324
qutebrowser__qutebrowser-deeb15d6f009b3ca0c3bd503a7cef07462bd16b4,-0.0014556547,2.3839014,0.16368493,0.82540035,2.3824458
qutebrowser__qutebrowser-e15d26630934d0b6415ed2295ac42fd570a57620,-0.0032433406,0.79432285,0.16236772,0.6443989,0.7910795
qutebrowser__qutebrowser-e34dfc68647d087ca3175d9ad3f023c30d8c9746,0.033583686,2.4780188,0.16091865,0.815692,2.5116024
qutebrowser__qutebrowser-e5340c449f23608803c286da0563b62f58ba25b0,0.033747993,-0.3716073,0.15870993,0.5976477,-0.3378593
qutebrowser__qutebrowser-e57b6e0eeeb656eb2c84d6547d5a0a7333ecee85,0.0124424305,-1.8511425,0.18057474,0.7423367,-1.8387
qutebrowser__qutebrowser-e64622cd2df5b521342cf4a62e0d4cb8f8c9ae5a,-0.06240502,-3.6027915,0.172918,1.0879453,-3.6651967
qutebrowser__qutebrowser-e70f5b03187bdd40e8bf70f5f3ead840f52d1f42,-0.019234378,0.40769318,0.1562081,0.61184067,0.3884588
qutebrowser__qutebrowser-ebfe9b7aa0c4ba9d451f993e08955004aaec4345,0.02090727,-0.82250386,0.15719657,0.68140614,-0.8015966
qutebrowser__qutebrowser-ec2dcfce9eee9f808efc17a1b99e227fc4421dea,0.011549878,1.7320719,0.16071662,0.8485402,1.7436217
qutebrowser__qutebrowser-ed19d7f58b2664bb310c7cb6b52c5b9a06ea60b2,-0.016775088,0.7303181,0.16495183,0.5938989,0.71354306
qutebrowser__qutebrowser-ef5ba1a0360b39f9eff027fbdc57f363597c3c3b,-0.0059058126,0.7667388,0.17248438,0.63719434,0.76083297
qutebrowser__qutebrowser-f7753550f2c1dcb2348e4779fd5287166754827e,0.014896919,-0.37145218,0.14593422,0.59744805,-0.35655525
qutebrowser__qutebrowser-f8e7fea0becae25ae20606f1422068137189fe9e,-0.02381091,1.2308424,0.174316,0.71120477,1.2070315
qutebrowser__qutebrowser-f91ace96223cac8161c16dd061907e138fe85111,-0.029364238,-3.4212666,0.15759107,1.1712195,-3.450631
qutebrowser__qutebrowser-fd6790fe8c02b144ab2464f1fc8ab3d02ce3c476,-0.032346837,-0.041120537,0.14950912,0.6331787,-0.073467374
qutebrowser__qutebrowser-fea33d607fde83cf505b228238cf365936437a63,-0.03146671,-0.78701997,0.17386234,0.7179555,-0.8184867
qutebrowser__qutebrowser-fec187c2cb53d769c2682b35ca77858a811414a8,-0.0008059639,1.6934253,0.1736892,0.76460856,1.6926193
regex-chess,0.0235363,4.376109,0.16151144,0.53908736,4.3996453
regex-log,-0.036686987,-1.3023742,0.15893498,0.34721076,-1.3390613
reshard-c4-data,0.0053384327,0.87891585,0.15252414,0.2723794,0.8842543
rstan-to-pystan,-0.014101631,0.85576755,0.16610481,0.30104238,0.8416659
sam-cell-seg,0.069428496,4.4870906,0.153281,0.492295,4.556519
sanitize-git-repo,0.03271016,1.2113503,0.15321118,0.2998581,1.2440605
schemelike-metacircular-eval,-0.014444667,1.2502071,0.16661803,0.26796153,1.2357624
scikit-learn__scikit-learn-10297,-0.052145697,-3.580949,0.15033345,0.516092,-3.6330948
scikit-learn__scikit-learn-10844,-0.00084864476,-4.5761523,0.16518879,0.6031289,-4.577001
scikit-learn__scikit-learn-10908,0.102573276,-0.08840359,0.18666314,0.3959119,0.014169686
scikit-learn__scikit-learn-11310,-0.0146922115,-2.1572537,0.15509923,0.4144493,-2.171946
scikit-learn__scikit-learn-11578,-0.031208696,-3.920531,0.15527532,0.61270314,-3.9517398
scikit-learn__scikit-learn-12585,-0.03052979,-4.522769,0.16903296,0.61545444,-4.553299
scikit-learn__scikit-learn-12682,0.016729299,-0.13944167,0.15635559,0.36878115,-0.122712374
scikit-learn__scikit-learn-12973,0.028514339,-0.82699203,0.16651383,0.354464,-0.7984777
scikit-learn__scikit-learn-13124,-0.008695442,0.70825404,0.15880193,0.39526692,0.6995586
scikit-learn__scikit-learn-13135,0.0019287936,-1.4312646,0.15965912,0.41233772,-1.4293358
scikit-learn__scikit-learn-13142,-0.020926664,-1.4596804,0.15202852,0.41104692,-1.4806072
scikit-learn__scikit-learn-13328,-0.078882165,-3.0389225,0.16853905,0.5258877,-3.1178048
scikit-learn__scikit-learn-13439,-0.05690752,-2.715858,0.14939444,0.49329555,-2.7727654
scikit-learn__scikit-learn-13496,-0.062625,-1.9669178,0.15105948,0.44473025,-2.0295427
scikit-learn__scikit-learn-13779,0.040251486,-2.5039468,0.15924694,0.4805684,-2.4636953
scikit-learn__scikit-learn-14053,0.024270156,-2.3569708,0.16977446,0.4702592,-2.3327007
scikit-learn__scikit-learn-14087,0.061436735,-0.045083262,0.16817704,0.40691403,0.016353473
scikit-learn__scikit-learn-14141,-0.019367294,-3.517348,0.16140959,0.5666831,-3.5367153
scikit-learn__scikit-learn-14496,-0.05752685,-4.537804,0.1927218,0.60455877,-4.595331
scikit-learn__scikit-learn-14629,0.034803305,3.1849217,0.17912273,0.60355645,3.2197251
scikit-learn__scikit-learn-14710,-0.012346517,-1.8708589,0.16448484,0.48487312,-1.8832054
scikit-learn__scikit-learn-14894,0.008998552,-3.5319262,0.16044088,0.5513079,-3.5229275
scikit-learn__scikit-learn-14983,-0.0006738037,1.1104711,0.16847807,0.44245815,1.1097974
scikit-learn__scikit-learn-15100,-0.04867432,-2.7809122,0.14479885,0.45729145,-2.8295865
scikit-learn__scikit-learn-25102,0.044357613,1.0963058,0.16319992,0.49536338,1.1406635
scikit-learn__scikit-learn-25232,-0.08447595,-1.637992,0.17553817,0.43462604,-1.722468
scikit-learn__scikit-learn-25747,-0.028569471,3.0889568,0.17285608,0.7060091,3.0603874
scikit-learn__scikit-learn-25931,-0.047363423,-1.4442412,0.16134451,0.421655,-1.4916046
scikit-learn__scikit-learn-25973,0.026750462,-0.94262457,0.15398379,0.3806256,-0.9158741
scikit-learn__scikit-learn-26323,-0.057883583,-1.4040694,0.15448447,0.40095896,-1.461953
scikit-learn__scikit-learn-9288,0.06273346,-1.3569543,0.14822817,0.3501346,-1.2942209
sparql-university,-0.016795376,0.895465,0.1582132,0.30415162,0.8786696
sphinx-doc__sphinx-10323,-0.05930316,-0.120220974,0.14818454,0.43641427,-0.17952414
sphinx-doc__sphinx-10435,0.03864498,3.1606407,0.1678908,0.6677273,3.1992857
sphinx-doc__sphinx-10449,0.021247877,-0.076911315,0.15334079,0.38044956,-0.055663437
sphinx-doc__sphinx-10466,0.0071870703,-1.4160482,0.16933827,0.43910557,-1.408861
sphinx-doc__sphinx-10673,-0.008356805,0.39822423,0.14991255,0.36224785,0.38986742
sphinx-doc__sphinx-11445,-0.013145482,0.3041272,0.15203601,0.37657964,0.2909817
sphinx-doc__sphinx-7440,0.034046438,-0.2612288,0.15469623,0.3845415,-0.22718236
sphinx-doc__sphinx-7454,0.0014328111,1.4846908,0.15531643,0.4621489,1.4861236
sphinx-doc__sphinx-7757,0.016258819,-0.04212354,0.16503577,0.4177115,-0.025864722
sphinx-doc__sphinx-7889,0.009722937,-1.1786549,0.16256301,0.41207233,-1.168932
sphinx-doc__sphinx-7910,-0.01356917,-0.6961652,0.15505219,0.37837222,-0.7097344
sphinx-doc__sphinx-7985,0.010482409,3.0488875,0.17274576,0.62359834,3.0593698
sphinx-doc__sphinx-8035,0.023148468,-0.50611025,0.15343376,0.40449113,-0.48296177
sphinx-doc__sphinx-8056,0.043366045,2.4272938,0.16677585,0.56257284,2.4706597
sphinx-doc__sphinx-8120,-0.017235316,-0.46960163,0.14611185,0.34676018,-0.48683694
sphinx-doc__sphinx-8265,0.0035211726,2.765009,0.1651011,0.54458183,2.7685301
sphinx-doc__sphinx-8269,-0.003975032,-0.51659656,0.1429848,0.37376517,-0.5205716
sphinx-doc__sphinx-8459,-0.0335478,0.0072617116,0.17648202,0.3828107,-0.026286088
sphinx-doc__sphinx-8475,-0.005430547,-1.260424,0.17225339,0.3816592,-1.2658546
sphinx-doc__sphinx-8548,0.010427429,3.16754,0.176148,0.57156473,3.1779675
sphinx-doc__sphinx-8551,-0.009401905,0.6873909,0.14806826,0.40087554,0.677989
sphinx-doc__sphinx-8593,0.0071072495,0.87567717,0.17179635,0.3746503,0.8827844
sphinx-doc__sphinx-8595,0.023181288,-1.2367891,0.1496955,0.40361288,-1.2136078
sphinx-doc__sphinx-8621,0.031969115,1.8041556,0.1555445,0.46884272,1.8361247
sphinx-doc__sphinx-8638,0.0739811,3.6172934,0.16954719,0.8214062,3.6912744
sphinx-doc__sphinx-8721,0.01977038,-2.1533322,0.17593728,0.4287204,-2.1335618
sphinx-doc__sphinx-9230,0.010919531,0.92630684,0.17693582,0.42694965,0.93722636
sphinx-doc__sphinx-9258,-0.009364369,1.7569124,0.17744996,0.47427833,1.747548
sphinx-doc__sphinx-9281,0.0112337,-0.65125734,0.15436782,0.43382162,-0.64002365
sphinx-doc__sphinx-9320,-0.041242745,-2.3351848,0.14549421,0.4571986,-2.3764277
sphinx-doc__sphinx-9367,0.07844676,-2.3308578,0.16317496,0.53837126,-2.252411
sphinx-doc__sphinx-9591,-0.07353127,1.1295553,0.17085198,0.47302762,1.0560241
sphinx-doc__sphinx-9602,-0.0020302397,3.179428,0.1647164,0.6068399,3.177398
sphinx-doc__sphinx-9658,0.043488793,1.5761523,0.15514101,0.4627739,1.6196411
sphinx-doc__sphinx-9673,-0.05329194,-0.44706658,0.18690784,0.34996596,-0.5003585
sphinx-doc__sphinx-9698,-0.050864868,-2.2403693,0.1682666,0.40174812,-2.2912343
sphinx-doc__sphinx-9711,-0.0027045605,-2.1198986,0.17163031,0.4308262,-2.1226032
sqlite-db-truncate,0.0305647,1.1811564,0.14974259,0.28129005,1.2117211
sqlite-with-gcov,0.015161413,-1.3489445,0.16444287,0.36385593,-1.3337831
sympy__sympy-11618,-0.024262596,-1.7879312,0.16629921,0.45526403,-1.8121938
sympy__sympy-12096,0.04653282,-3.0227716,0.15817685,0.51098293,-2.9762387
sympy__sympy-12419,0.023168454,-0.07898039,0.1547721,0.36945263,-0.05581194
sympy__sympy-12481,-0.0026536174,-1.1779431,0.1622176,0.40468127,-1.1805967
sympy__sympy-12489,-0.0013803057,2.2302127,0.16064604,0.4825526,2.2288325
sympy__sympy-13031,-0.010228087,1.9437317,0.16738173,0.5336529,1.9335036
sympy__sympy-13091,0.023431174,1.6788086,0.1670806,0.45781413,1.7022398
sympy__sympy-13372,-0.029436007,-2.143172,0.15207271,0.49005866,-2.1726081
sympy__sympy-13480,-0.02280661,-3.478768,0.18452996,0.54868996,-3.5015748
sympy__sympy-13551,-0.02069952,0.91193306,0.14607812,0.39274526,0.89123356
sympy__sympy-13615,-0.013594073,1.5027273,0.14840618,0.41100746,1.4891332
sympy__sympy-13647,-0.026025685,-2.1640916,0.154059,0.5002425,-2.1901174
sympy__sympy-13757,-0.064648874,0.77438855,0.14851795,0.44465,0.7097397
sympy__sympy-13798,0.0012116006,1.9199078,0.18409123,0.51122576,1.9211195
sympy__sympy-13877,0.011306697,1.9843291,0.15718994,0.4919845,1.9956357
sympy__sympy-13878,0.008088642,0.06681447,0.15194373,0.37305197,0.07490311
sympy__sympy-13974,-0.00035934208,2.3887706,0.16692983,0.56343627,2.3884113
sympy__sympy-14531,-0.037311863,-1.1037672,0.15687613,0.41393366,-1.1410791
sympy__sympy-14711,-0.05436123,-2.337086,0.18168838,0.4600037,-2.3914473
sympy__sympy-14976,-0.035084426,0.37356886,0.15799066,0.3917412,0.33848444
sympy__sympy-15017,0.012664648,0.6336185,0.16295242,0.39798275,0.64628315
sympy__sympy-15345,0.07118679,0.045809228,0.14842968,0.38890067,0.11699602
sympy__sympy-15349,-0.019228337,-0.70590264,0.1571381,0.37692603,-0.725131
sympy__sympy-15599,0.048917316,1.7023679,0.16206092,0.4751047,1.7512852
sympy__sympy-15809,-0.0049650995,-0.3927489,0.15377697,0.39687523,-0.397714
sympy__sympy-15875,0.04527295,0.33024165,0.13917306,0.38076422,0.3755146
sympy__sympy-15976,-0.04432461,1.6511532,0.162532,0.4206989,1.6068286
sympy__sympy-16450,-0.022821296,-1.773887,0.17323034,0.4234286,-1.7967083
sympy__sympy-16766,-0.052102584,-3.7922912,0.18257612,0.571836,-3.8443937
sympy__sympy-16792,-0.005115237,-0.20398675,0.17656265,0.39411548,-0.20910199
sympy__sympy-16886,-0.056636363,-2.621225,0.16671814,0.49881667,-2.6778615
sympy__sympy-17139,0.06417129,-0.4118011,0.15783699,0.4069302,-0.34762982
sympy__sympy-17318,0.023428056,3.6449106,0.17084803,0.7486763,3.6683385
sympy__sympy-17655,-0.0025324037,-0.40017375,0.16114354,0.36653963,-0.40270615
sympy__sympy-18189,0.014277285,-0.5609287,0.1709941,0.35364416,-0.5466514
sympy__sympy-18211,0.010797851,0.24302323,0.17262058,0.39695928,0.25382107
sympy__sympy-18698,0.0057369187,1.7680163,0.15832606,0.45534825,1.7737533
sympy__sympy-18763,0.026818011,-0.006911579,0.15732786,0.38587865,0.019906431
sympy__sympy-19040,0.009867886,2.1585157,0.15723656,0.48607093,2.1683836
sympy__sympy-19346,-0.0132673485,-1.7743697,0.17515221,0.42977154,-1.7876371
sympy__sympy-19495,0.0018326475,-0.42322347,0.15760699,0.38267076,-0.42139083
sympy__sympy-19637,-0.054302532,-2.5202553,0.16157022,0.48096487,-2.5745578
sympy__sympy-19783,-0.026440429,0.21454403,0.15492623,0.38043678,0.1881036
sympy__sympy-19954,0.056330107,-1.4355707,0.15895662,0.43148226,-1.3792406
sympy__sympy-20154,0.015963273,-1.789635,0.1714272,0.43846884,-1.7736716
sympy__sympy-20590,0.0031153206,0.20450759,0.15643774,0.38399434,0.20762292
sympy__sympy-20801,0.047597267,-0.38409704,0.16246258,0.39398822,-0.33649978
sympy__sympy-20916,0.0061462824,3.6608164,0.16083613,0.81038916,3.6669626
sympy__sympy-21379,-0.01272241,0.721417,0.14428295,0.41983518,0.7086946
sympy__sympy-21612,0.0066067954,3.6324785,0.15504475,0.79700565,3.6390853
sympy__sympy-21847,-0.000762092,-2.0807266,0.1485098,0.4212059,-2.0814886
sympy__sympy-22080,0.015735175,3.525833,0.17119563,0.82671833,3.541568
sympy__sympy-22456,-0.004807144,-1.2755891,0.14681144,0.36638114,-1.2803962
sympy__sympy-22714,0.011918675,-1.3284409,0.16313866,0.3980837,-1.3165222
sympy__sympy-22914,0.019303609,-3.0413764,0.16916595,0.4692791,-3.0220728
sympy__sympy-23262,-0.0011528283,-0.78407454,0.15306956,0.3841068,-0.78522736
sympy__sympy-23413,0.05611373,2.799907,0.17224136,0.54996234,2.8560207
sympy__sympy-23534,0.009598189,-1.389073,0.15068898,0.43593213,-1.3794749
sympy__sympy-23824,0.0049522743,-1.9161029,0.13835454,0.4329114,-1.9111506
sympy__sympy-23950,-0.0139955515,-0.79088503,0.17362945,0.40792283,-0.80488056
sympy__sympy-24066,-0.0003010998,-0.68243855,0.16357033,0.4185922,-0.6827397
sympy__sympy-24213,-0.0075643514,-3.5499601,0.161985,0.53445303,-3.5575244
sympy__sympy-24443,-0.040713828,-3.269831,0.16970745,0.53714097,-3.3105447
sympy__sympy-24539,-0.041940764,-3.2686102,0.16495487,0.5622539,-3.310551
sympy__sympy-24562,-0.004062186,0.84229934,0.16991757,0.43630233,0.83823717
sympy__sympy-24661,-0.012087309,-1.3871697,0.14596377,0.40909874,-1.3992571
torch-pipeline-parallelism,0.021476975,4.2228665,0.1623521,0.4350275,4.2443433
torch-tensor-parallelism,-0.03586398,3.6958678,0.15588331,0.38367042,3.660004
train-fasttext,-0.001782845,4.4185376,0.16548395,0.49800837,4.4167547
tune-mjcf,0.0058167544,-0.4138125,0.14821862,0.34509,-0.40799573
tutao__tutanota-09c2776c0fce3db5c6e18da92b5a45dce9f013aa,0.06498549,1.6609824,0.1784737,0.7331192,1.7259679
tutao__tutanota-12a6cbaa4f8b43c2f85caca0787ab55501539955,0.040467028,1.2556139,0.15099564,0.6842723,1.296081
tutao__tutanota-1e516e989b3c0221f4af6b297d9c0e4c43e4adc3,0.015295136,-0.04106898,0.1685457,0.6868977,-0.025773842
tutao__tutanota-1ff82aa365763cee2d609c9d19360ad87fdf2ec7,0.02718046,2.3799925,0.15688813,0.8436729,2.407173
tutao__tutanota-219bc8f05d7b980e038bc1524cb021bf56397a1b,-0.0062395995,-0.010271414,0.17838414,0.5973735,-0.016511014
tutao__tutanota-40e94dee2bcec2b63f362da283123e9df1874cc1,0.04699505,0.8001253,0.16157204,0.6346558,0.84712034
tutao__tutanota-4b4e45949096bb288f2b522f657610e480efa3e8,-0.004104437,-0.04818574,0.16564825,0.611197,-0.052290175
tutao__tutanota-b4934a0f3c34d9d7649e944b183137e8fad3e859,-0.0288374,-0.019520123,0.17524764,0.61700654,-0.048357524
tutao__tutanota-befce4b146002b9abc86aa95f4d57581771815ce,-0.03087718,-0.2410106,0.16373649,0.60412353,-0.27188778
tutao__tutanota-da4edb7375c10f47f4ed3860a591c5e6557f7b5c,0.034858704,1.7015134,0.16681564,0.657193,1.7363721
tutao__tutanota-de49d486feef842101506adf040a0f00ded59519,0.017850174,0.71147466,0.1659242,0.66656697,0.7293248
tutao__tutanota-f373ac3808deefce8183dad8d16729839cc330c1,0.033719756,-0.0014202502,0.17193328,0.6145558,0.032299504
tutao__tutanota-f3ffe17af6e8ab007e8d461355057ad237846d9d,-0.0051519563,2.371976,0.16499348,0.9024273,2.366824
tutao__tutanota-fbdb72a2bd39b05131ff905780d9d4a2a074de26,0.028959036,0.47815895,0.17947268,0.60845035,0.507118
tutao__tutanota-fe240cbf7f0fdd6744ef7bef8cb61676bcdbb621,0.03415137,0.7914976,0.15245564,0.6163936,0.82564896
video-processing,0.103492424,4.2753453,0.15678367,0.44710383,4.3788376
vulnerable-secret,0.014502129,-1.4288965,0.15690917,0.37289494,-1.4143944
winning-avg-corewars,0.024142975,1.1936243,0.14011104,0.29247758,1.2177672
write-compressor,0.10053797,2.8617573,0.14414026,0.32352751,2.9622953
